dataset_id,category,scenario,year_min,year_max,depth,title,summary,variables
tas_baseline_2000_2020_depthsurf,tas,baseline,2000,2020,depthsurf,Bio-Oracle AirTemperature [depthSurf] Baseline 2000-2020.,"Uses attributes recommended by https://cfconventions.org

cdm_data_type = Grid
VARIABLES (all of which use the dimensions [time][latitude][longitude]):
tas_max (Maximum AirTemperature, K)
tas_ltmax (Long-term maximum AirTemperature, K)
tas_mean (Average AirTemperature, K)
tas_ltmin (Long-term minimum AirTemperature, K)
tas_min (Minimum AirTemperature, K)
tas_range (Range AirTemperature, K)
","tas_ltmax, tas_ltmin, tas_max, tas_mean, tas_min, tas_range"
chl_baseline_2000_2018_depthmax,chl,baseline,2000,2018,depthmax,Bio-Oracle Chlorophyll [depthMax] Baseline 2000-2018.,"Uses attributes recommended by https://cfconventions.org

cdm_data_type = Grid
VARIABLES (all of which use the dimensions [time][latitude][longitude]):
chl_max (Maximum Chlorophyll, mg m-3)
chl_ltmax (Long-term maximum Chlorophyll, mg m-3)
chl_mean (Average Chlorophyll, mg m-3)
chl_ltmin (Long-term minimum Chlorophyll, mg m-3)
chl_min (Minimum Chlorophyll, mg m-3)
chl_range (Range Chlorophyll, mg m-3)
","chl_ltmax, chl_ltmin, chl_max, chl_mean, chl_min, chl_range"
chl_baseline_2000_2018_depthmean,chl,baseline,2000,2018,depthmean,Bio-Oracle Chlorophyll [depthMean] Baseline 2000-2018.,"Uses attributes recommended by https://cfconventions.org

cdm_data_type = Grid
VARIABLES (all of which use the dimensions [time][latitude][longitude]):
chl_max (Maximum Chlorophyll, mg m-3)
chl_ltmax (Long-term maximum Chlorophyll, mg m-3)
chl_mean (Average Chlorophyll, mg m-3)
chl_ltmin (Long-term minimum Chlorophyll, mg m-3)
chl_min (Minimum Chlorophyll, mg m-3)
chl_range (Range Chlorophyll, mg m-3)
","chl_ltmax, chl_ltmin, chl_max, chl_mean, chl_min, chl_range"
chl_baseline_2000_2018_depthmin,chl,baseline,2000,2018,depthmin,Bio-Oracle Chlorophyll [depthMin] Baseline 2000-2018.,"Uses attributes recommended by https://cfconventions.org

cdm_data_type = Grid
VARIABLES (all of which use the dimensions [time][latitude][longitude]):
chl_max (Maximum Chlorophyll, mg m-3)
chl_ltmax (Long-term maximum Chlorophyll, mg m-3)
chl_mean (Average Chlorophyll, mg m-3)
chl_ltmin (Long-term minimum Chlorophyll, mg m-3)
chl_min (Minimum Chlorophyll, mg m-3)
chl_range (Range Chlorophyll, mg m-3)
","chl_ltmax, chl_ltmin, chl_max, chl_mean, chl_min, chl_range"
chl_baseline_2000_2018_depthsurf,chl,baseline,2000,2018,depthsurf,Bio-Oracle Chlorophyll [depthSurf] Baseline 2000-2018.,"Uses attributes recommended by https://cfconventions.org

cdm_data_type = Grid
VARIABLES (all of which use the dimensions [time][latitude][longitude]):
chl_max (Maximum Chlorophyll, mg m-3)
chl_ltmax (Long-term maximum Chlorophyll, mg m-3)
chl_mean (Average Chlorophyll, mg m-3)
chl_ltmin (Long-term minimum Chlorophyll, mg m-3)
chl_min (Minimum Chlorophyll, mg m-3)
chl_range (Range Chlorophyll, mg m-3)
","chl_ltmax, chl_ltmin, chl_max, chl_mean, chl_min, chl_range"
dfe_baseline_2000_2018_depthmax,dfe,baseline,2000,2018,depthmax,Bio-Oracle DissolvedIron [depthMax] Baseline 2000-2018.,"Uses attributes recommended by https://cfconventions.org

cdm_data_type = Grid
VARIABLES (all of which use the dimensions [time][latitude][longitude]):
dfe_max (Maximum DissolvedIron, MMol' 'M-3)
dfe_ltmax (Long-term maximum DissolvedIron, MMol' 'M-3)
dfe_mean (Average DissolvedIron, MMol' 'M-3)
dfe_ltmin (Long-term minimum DissolvedIron, MMol' 'M-3)
dfe_min (Minimum DissolvedIron, MMol' 'M-3)
dfe_range (Range DissolvedIron, MMol' 'M-3)
","dfe_ltmax, dfe_ltmin, dfe_max, dfe_mean, dfe_min, dfe_range"
dfe_baseline_2000_2018_depthmean,dfe,baseline,2000,2018,depthmean,Bio-Oracle DissolvedIron [depthMean] Baseline 2000-2018.,"Uses attributes recommended by https://cfconventions.org

cdm_data_type = Grid
VARIABLES (all of which use the dimensions [time][latitude][longitude]):
dfe_max (Maximum DissolvedIron, MMol' 'M-3)
dfe_ltmax (Long-term maximum DissolvedIron, MMol' 'M-3)
dfe_mean (Average DissolvedIron, MMol' 'M-3)
dfe_ltmin (Long-term minimum DissolvedIron, MMol' 'M-3)
dfe_min (Minimum DissolvedIron, MMol' 'M-3)
dfe_range (Range DissolvedIron, MMol' 'M-3)
","dfe_ltmax, dfe_ltmin, dfe_max, dfe_mean, dfe_min, dfe_range"
dfe_baseline_2000_2018_depthmin,dfe,baseline,2000,2018,depthmin,Bio-Oracle DissolvedIron [depthMin] Baseline 2000-2018.,"Uses attributes recommended by https://cfconventions.org

cdm_data_type = Grid
VARIABLES (all of which use the dimensions [time][latitude][longitude]):
dfe_max (Maximum DissolvedIron, MMol' 'M-3)
dfe_ltmax (Long-term maximum DissolvedIron, MMol' 'M-3)
dfe_mean (Average DissolvedIron, MMol' 'M-3)
dfe_ltmin (Long-term minimum DissolvedIron, MMol' 'M-3)
dfe_min (Minimum DissolvedIron, MMol' 'M-3)
dfe_range (Range DissolvedIron, MMol' 'M-3)
","dfe_ltmax, dfe_ltmin, dfe_max, dfe_mean, dfe_min, dfe_range"
dfe_baseline_2000_2018_depthsurf,dfe,baseline,2000,2018,depthsurf,Bio-Oracle DissolvedIron [depthSurf] Baseline 2000-2018.,"Uses attributes recommended by https://cfconventions.org

cdm_data_type = Grid
VARIABLES (all of which use the dimensions [time][latitude][longitude]):
dfe_max (Maximum DissolvedIron, MMol' 'M-3)
dfe_ltmax (Long-term maximum DissolvedIron, MMol' 'M-3)
dfe_mean (Average DissolvedIron, MMol' 'M-3)
dfe_ltmin (Long-term minimum DissolvedIron, MMol' 'M-3)
dfe_min (Minimum DissolvedIron, MMol' 'M-3)
dfe_range (Range DissolvedIron, MMol' 'M-3)
","dfe_ltmax, dfe_ltmin, dfe_max, dfe_mean, dfe_min, dfe_range"
o2_baseline_2000_2018_depthmax,o2,baseline,2000,2018,depthmax,Bio-Oracle DissolvedMolecularOxygen [depthMax] Baseline 2000-2018.,"Uses attributes recommended by https://cfconventions.org

cdm_data_type = Grid
VARIABLES (all of which use the dimensions [time][latitude][longitude]):
o2_max (Maximum DissolvedMolecularOxygen, MMol' 'M-3)
o2_ltmax (Long-term maximum DissolvedMolecularOxygen, MMol' 'M-3)
o2_mean (Average DissolvedMolecularOxygen, MMol' 'M-3)
o2_ltmin (Long-term minimum DissolvedMolecularOxygen, MMol' 'M-3)
o2_min (Minimum DissolvedMolecularOxygen, MMol' 'M-3)
o2_range (Range DissolvedMolecularOxygen, MMol' 'M-3)
","o2_ltmax, o2_ltmin, o2_max, o2_mean, o2_min, o2_range"
o2_baseline_2000_2018_depthmean,o2,baseline,2000,2018,depthmean,Bio-Oracle DissolvedMolecularOxygen [depthMean] Baseline 2000-2018.,"Uses attributes recommended by https://cfconventions.org

cdm_data_type = Grid
VARIABLES (all of which use the dimensions [time][latitude][longitude]):
o2_max (Maximum DissolvedMolecularOxygen, MMol' 'M-3)
o2_ltmax (Long-term maximum DissolvedMolecularOxygen, MMol' 'M-3)
o2_mean (Average DissolvedMolecularOxygen, MMol' 'M-3)
o2_ltmin (Long-term minimum DissolvedMolecularOxygen, MMol' 'M-3)
o2_min (Minimum DissolvedMolecularOxygen, MMol' 'M-3)
o2_range (Range DissolvedMolecularOxygen, MMol' 'M-3)
","o2_ltmax, o2_ltmin, o2_max, o2_mean, o2_min, o2_range"
o2_baseline_2000_2018_depthmin,o2,baseline,2000,2018,depthmin,Bio-Oracle DissolvedMolecularOxygen [depthMin] Baseline 2000-2018.,"Uses attributes recommended by https://cfconventions.org

cdm_data_type = Grid
VARIABLES (all of which use the dimensions [time][latitude][longitude]):
o2_max (Maximum DissolvedMolecularOxygen, MMol' 'M-3)
o2_ltmax (Long-term maximum DissolvedMolecularOxygen, MMol' 'M-3)
o2_mean (Average DissolvedMolecularOxygen, MMol' 'M-3)
o2_ltmin (Long-term minimum DissolvedMolecularOxygen, MMol' 'M-3)
o2_min (Minimum DissolvedMolecularOxygen, MMol' 'M-3)
o2_range (Range DissolvedMolecularOxygen, MMol' 'M-3)
","o2_ltmax, o2_ltmin, o2_max, o2_mean, o2_min, o2_range"
o2_baseline_2000_2018_depthsurf,o2,baseline,2000,2018,depthsurf,Bio-Oracle DissolvedMolecularOxygen [depthSurf] Baseline 2000-2018.,"Uses attributes recommended by https://cfconventions.org

cdm_data_type = Grid
VARIABLES (all of which use the dimensions [time][latitude][longitude]):
o2_max (Maximum DissolvedMolecularOxygen, MMol' 'M-3)
o2_ltmax (Long-term maximum DissolvedMolecularOxygen, MMol' 'M-3)
o2_mean (Average DissolvedMolecularOxygen, MMol' 'M-3)
o2_ltmin (Long-term minimum DissolvedMolecularOxygen, MMol' 'M-3)
o2_min (Minimum DissolvedMolecularOxygen, MMol' 'M-3)
o2_range (Range DissolvedMolecularOxygen, MMol' 'M-3)
","o2_ltmax, o2_ltmin, o2_max, o2_mean, o2_min, o2_range"
mlotst_baseline_2000_2019_depthsurf,mlotst,baseline,2000,2019,depthsurf,Bio-Oracle MixedLayerDepth [depthSurf] Baseline 2000-2019.,"Uses attributes recommended by https://cfconventions.org

cdm_data_type = Grid
VARIABLES (all of which use the dimensions [time][latitude][longitude]):
mlotst_max (Maximum MixedLayerDepth, m)
mlotst_ltmax (Long-term maximum MixedLayerDepth, m)
mlotst_mean (Average MixedLayerDepth, m)
mlotst_ltmin (Long-term minimum MixedLayerDepth, m)
mlotst_min (Minimum MixedLayerDepth, m)
mlotst_range (Range MixedLayerDepth, m)
","mlotst_ltmax, mlotst_ltmin, mlotst_max, mlotst_mean, mlotst_min, mlotst_range"
no3_baseline_2000_2018_depthmax,no3,baseline,2000,2018,depthmax,Bio-Oracle Nitrate [depthMax] Baseline 2000-2018.,"Uses attributes recommended by https://cfconventions.org

cdm_data_type = Grid
VARIABLES (all of which use the dimensions [time][latitude][longitude]):
no3_max (Maximum Nitrate, MMol' 'M-3)
no3_ltmax (Long-term maximum Nitrate, MMol' 'M-3)
no3_mean (Average Nitrate, MMol' 'M-3)
no3_ltmin (Long-term minimum Nitrate, MMol' 'M-3)
no3_min (Minimum Nitrate, MMol' 'M-3)
no3_range (Range Nitrate, MMol' 'M-3)
","no3_ltmax, no3_ltmin, no3_max, no3_mean, no3_min, no3_range"
no3_baseline_2000_2018_depthmean,no3,baseline,2000,2018,depthmean,Bio-Oracle Nitrate [depthMean] Baseline 2000-2018.,"Uses attributes recommended by https://cfconventions.org

cdm_data_type = Grid
VARIABLES (all of which use the dimensions [time][latitude][longitude]):
no3_max (Maximum Nitrate, MMol' 'M-3)
no3_ltmax (Long-term maximum Nitrate, MMol' 'M-3)
no3_mean (Average Nitrate, MMol' 'M-3)
no3_ltmin (Long-term minimum Nitrate, MMol' 'M-3)
no3_min (Minimum Nitrate, MMol' 'M-3)
no3_range (Range Nitrate, MMol' 'M-3)
","no3_ltmax, no3_ltmin, no3_max, no3_mean, no3_min, no3_range"
no3_baseline_2000_2018_depthmin,no3,baseline,2000,2018,depthmin,Bio-Oracle Nitrate [depthMin] Baseline 2000-2018.,"Uses attributes recommended by https://cfconventions.org

cdm_data_type = Grid
VARIABLES (all of which use the dimensions [time][latitude][longitude]):
no3_max (Maximum Nitrate, MMol' 'M-3)
no3_ltmax (Long-term maximum Nitrate, MMol' 'M-3)
no3_mean (Average Nitrate, MMol' 'M-3)
no3_ltmin (Long-term minimum Nitrate, MMol' 'M-3)
no3_min (Minimum Nitrate, MMol' 'M-3)
no3_range (Range Nitrate, MMol' 'M-3)
","no3_ltmax, no3_ltmin, no3_max, no3_mean, no3_min, no3_range"
no3_baseline_2000_2018_depthsurf,no3,baseline,2000,2018,depthsurf,Bio-Oracle Nitrate [depthSurf] Baseline 2000-2018.,"Uses attributes recommended by https://cfconventions.org

cdm_data_type = Grid
VARIABLES (all of which use the dimensions [time][latitude][longitude]):
no3_max (Maximum Nitrate, MMol' 'M-3)
no3_ltmax (Long-term maximum Nitrate, MMol' 'M-3)
no3_mean (Average Nitrate, MMol' 'M-3)
no3_ltmin (Long-term minimum Nitrate, MMol' 'M-3)
no3_min (Minimum Nitrate, MMol' 'M-3)
no3_range (Range Nitrate, MMol' 'M-3)
","no3_ltmax, no3_ltmin, no3_max, no3_mean, no3_min, no3_range"
thetao_baseline_2000_2019_depthmax,thetao,baseline,2000,2019,depthmax,Bio-Oracle OceanTemperature [depthMax] Baseline 2000-2019.,"Uses attributes recommended by https://cfconventions.org

cdm_data_type = Grid
VARIABLES (all of which use the dimensions [time][latitude][longitude]):
thetao_max (Maximum OceanTemperature, degree_C)
thetao_ltmax (Long-term maximum OceanTemperature, degree_C)
thetao_mean (Average OceanTemperature, degree_C)
thetao_ltmin (Long-term minimum OceanTemperature, degree_C)
thetao_min (Minimum OceanTemperature, degree_C)
thetao_range (Range OceanTemperature, degree_C)
","thetao_ltmax, thetao_ltmin, thetao_max, thetao_mean, thetao_min, thetao_range"
thetao_baseline_2000_2019_depthmean,thetao,baseline,2000,2019,depthmean,Bio-Oracle OceanTemperature [depthMean] Baseline 2000-2019.,"Uses attributes recommended by https://cfconventions.org

cdm_data_type = Grid
VARIABLES (all of which use the dimensions [time][latitude][longitude]):
thetao_max (Maximum OceanTemperature, degree_C)
thetao_ltmax (Long-term maximum OceanTemperature, degree_C)
thetao_mean (Average OceanTemperature, degree_C)
thetao_ltmin (Long-term minimum OceanTemperature, degree_C)
thetao_min (Minimum OceanTemperature, degree_C)
thetao_range (Range OceanTemperature, degree_C)
","thetao_ltmax, thetao_ltmin, thetao_max, thetao_mean, thetao_min, thetao_range"
thetao_baseline_2000_2019_depthmin,thetao,baseline,2000,2019,depthmin,Bio-Oracle OceanTemperature [depthMin] Baseline 2000-2019.,"Uses attributes recommended by https://cfconventions.org

cdm_data_type = Grid
VARIABLES (all of which use the dimensions [time][latitude][longitude]):
thetao_max (Maximum OceanTemperature, degree_C)
thetao_ltmax (Long-term maximum OceanTemperature, degree_C)
thetao_mean (Average OceanTemperature, degree_C)
thetao_ltmin (Long-term minimum OceanTemperature, degree_C)
thetao_min (Minimum OceanTemperature, degree_C)
thetao_range (Range OceanTemperature, degree_C)
","thetao_ltmax, thetao_ltmin, thetao_max, thetao_mean, thetao_min, thetao_range"
thetao_baseline_2000_2019_depthsurf,thetao,baseline,2000,2019,depthsurf,Bio-Oracle OceanTemperature [depthSurf] Baseline 2000-2019.,"Uses attributes recommended by https://cfconventions.org

cdm_data_type = Grid
VARIABLES (all of which use the dimensions [time][latitude][longitude]):
thetao_max (Maximum OceanTemperature, degree_C)
thetao_ltmax (Long-term maximum OceanTemperature, degree_C)
thetao_mean (Average OceanTemperature, degree_C)
thetao_ltmin (Long-term minimum OceanTemperature, degree_C)
thetao_min (Minimum OceanTemperature, degree_C)
thetao_range (Range OceanTemperature, degree_C)
","thetao_ltmax, thetao_ltmin, thetao_max, thetao_mean, thetao_min, thetao_range"
ph_baseline_2000_2018_depthmax,ph,baseline,2000,2018,depthmax,Bio-Oracle pH [depthMax] Baseline 2000-2018.,"Uses attributes recommended by https://cfconventions.org

cdm_data_type = Grid
VARIABLES (all of which use the dimensions [time][latitude][longitude]):
ph_max (Maximum pH, 1)
ph_ltmax (Long-term maximum pH, 1)
ph_mean (Average pH, 1)
ph_ltmin (Long-term minimum pH, 1)
ph_min (Minimum pH, 1)
ph_range (1)
","ph_ltmax, ph_ltmin, ph_max, ph_mean, ph_min, ph_range"
ph_baseline_2000_2018_depthmean,ph,baseline,2000,2018,depthmean,Bio-Oracle pH [depthMean] Baseline 2000-2018.,"Uses attributes recommended by https://cfconventions.org

cdm_data_type = Grid
VARIABLES (all of which use the dimensions [time][latitude][longitude]):
ph_max (Maximum pH, 1)
ph_ltmax (Long-term maximum pH, 1)
ph_mean (Average pH, 1)
ph_ltmin (Long-term minimum pH, 1)
ph_min (Minimum pH, 1)
ph_range (1)
","ph_ltmax, ph_ltmin, ph_max, ph_mean, ph_min, ph_range"
ph_baseline_2000_2018_depthmin,ph,baseline,2000,2018,depthmin,Bio-Oracle pH [depthMin] Baseline 2000-2018.,"Uses attributes recommended by https://cfconventions.org

cdm_data_type = Grid
VARIABLES (all of which use the dimensions [time][latitude][longitude]):
ph_max (Maximum pH, 1)
ph_ltmax (Long-term maximum pH, 1)
ph_mean (Average pH, 1)
ph_ltmin (Long-term minimum pH, 1)
ph_min (Minimum pH, 1)
ph_range (1)
","ph_ltmax, ph_ltmin, ph_max, ph_mean, ph_min, ph_range"
ph_baseline_2000_2018_depthsurf,ph,baseline,2000,2018,depthsurf,Bio-Oracle pH [depthSurf] Baseline 2000-2018.,"Uses attributes recommended by https://cfconventions.org

cdm_data_type = Grid
VARIABLES (all of which use the dimensions [time][latitude][longitude]):
ph_max (Maximum pH, 1)
ph_ltmax (Long-term maximum pH, 1)
ph_mean (Average pH, 1)
ph_ltmin (Long-term minimum pH, 1)
ph_min (Minimum pH, 1)
ph_range (1)
","ph_ltmax, ph_ltmin, ph_max, ph_mean, ph_min, ph_range"
po4_baseline_2000_2018_depthmax,po4,baseline,2000,2018,depthmax,Bio-Oracle Phosphate [depthMax] Baseline 2000-2018.,"Uses attributes recommended by https://cfconventions.org

cdm_data_type = Grid
VARIABLES (all of which use the dimensions [time][latitude][longitude]):
po4_max (Maximum Phosphate, MMol' 'M-3)
po4_ltmax (Long-term maximum Phosphate, MMol' 'M-3)
po4_mean (Average Phosphate, MMol' 'M-3)
po4_ltmin (Long-term minimum Phosphate, MMol' 'M-3)
po4_min (Minimum Phosphate, MMol' 'M-3)
po4_range (Range Phosphate, MMol' 'M-3)
","po4_ltmax, po4_ltmin, po4_max, po4_mean, po4_min, po4_range"
po4_baseline_2000_2018_depthmean,po4,baseline,2000,2018,depthmean,Bio-Oracle Phosphate [depthMean] Baseline 2000-2018.,"Uses attributes recommended by https://cfconventions.org

cdm_data_type = Grid
VARIABLES (all of which use the dimensions [time][latitude][longitude]):
po4_max (Maximum Phosphate, MMol' 'M-3)
po4_ltmax (Long-term maximum Phosphate, MMol' 'M-3)
po4_mean (Average Phosphate, MMol' 'M-3)
po4_ltmin (Long-term minimum Phosphate, MMol' 'M-3)
po4_min (Minimum Phosphate, MMol' 'M-3)
po4_range (Range Phosphate, MMol' 'M-3)
","po4_ltmax, po4_ltmin, po4_max, po4_mean, po4_min, po4_range"
po4_baseline_2000_2018_depthmin,po4,baseline,2000,2018,depthmin,Bio-Oracle Phosphate [depthMin] Baseline 2000-2018.,"Uses attributes recommended by https://cfconventions.org

cdm_data_type = Grid
VARIABLES (all of which use the dimensions [time][latitude][longitude]):
po4_max (Maximum Phosphate, MMol' 'M-3)
po4_ltmax (Long-term maximum Phosphate, MMol' 'M-3)
po4_mean (Average Phosphate, MMol' 'M-3)
po4_ltmin (Long-term minimum Phosphate, MMol' 'M-3)
po4_min (Minimum Phosphate, MMol' 'M-3)
po4_range (Range Phosphate, MMol' 'M-3)
","po4_ltmax, po4_ltmin, po4_max, po4_mean, po4_min, po4_range"
po4_baseline_2000_2018_depthsurf,po4,baseline,2000,2018,depthsurf,Bio-Oracle Phosphate [depthSurf] Baseline 2000-2018.,"Uses attributes recommended by https://cfconventions.org

cdm_data_type = Grid
VARIABLES (all of which use the dimensions [time][latitude][longitude]):
po4_max (Maximum Phosphate, MMol' 'M-3)
po4_ltmax (Long-term maximum Phosphate, MMol' 'M-3)
po4_mean (Average Phosphate, MMol' 'M-3)
po4_ltmin (Long-term minimum Phosphate, MMol' 'M-3)
po4_min (Minimum Phosphate, MMol' 'M-3)
po4_range (Range Phosphate, MMol' 'M-3)
","po4_ltmax, po4_ltmin, po4_max, po4_mean, po4_min, po4_range"
so_baseline_2000_2019_depthmax,so,baseline,2000,2019,depthmax,Bio-Oracle Salinity [depthMax] Baseline 2000-2019.,"Uses attributes recommended by https://cfconventions.org

cdm_data_type = Grid
VARIABLES (all of which use the dimensions [time][latitude][longitude]):
so_max (Maximum Salinity, PSU)
so_ltmax (Long-term maximum Salinity, PSU)
so_mean (Average Salinity, PSU)
so_ltmin (Long-term minimum Salinity, PSU)
so_min (Minimum Salinity, PSU)
so_range (Range Salinity, PSU)
","so_ltmax, so_ltmin, so_max, so_mean, so_min, so_range"
so_baseline_2000_2019_depthmean,so,baseline,2000,2019,depthmean,Bio-Oracle Salinity [depthMean] Baseline 2000-2019.,"Uses attributes recommended by https://cfconventions.org

cdm_data_type = Grid
VARIABLES (all of which use the dimensions [time][latitude][longitude]):
so_max (Maximum Salinity, PSU)
so_ltmax (Long-term maximum Salinity, PSU)
so_mean (Average Salinity, PSU)
so_ltmin (Long-term minimum Salinity, PSU)
so_min (Minimum Salinity, PSU)
so_range (Range Salinity, PSU)
","so_ltmax, so_ltmin, so_max, so_mean, so_min, so_range"
so_baseline_2000_2019_depthmin,so,baseline,2000,2019,depthmin,Bio-Oracle Salinity [depthMin] Baseline 2000-2019.,"Uses attributes recommended by https://cfconventions.org

cdm_data_type = Grid
VARIABLES (all of which use the dimensions [time][latitude][longitude]):
so_max (Maximum Salinity, PSU)
so_ltmax (Long-term maximum Salinity, PSU)
so_mean (Average Salinity, PSU)
so_ltmin (Long-term minimum Salinity, PSU)
so_min (Minimum Salinity, PSU)
so_range (Range Salinity, PSU)
","so_ltmax, so_ltmin, so_max, so_mean, so_min, so_range"
so_baseline_2000_2019_depthsurf,so,baseline,2000,2019,depthsurf,Bio-Oracle Salinity [depthSurf] Baseline 2000-2019.,"Uses attributes recommended by https://cfconventions.org

cdm_data_type = Grid
VARIABLES (all of which use the dimensions [time][latitude][longitude]):
so_max (Maximum Salinity, PSU)
so_ltmax (Long-term maximum Salinity, PSU)
so_mean (Average Salinity, PSU)
so_ltmin (Long-term minimum Salinity, PSU)
so_min (Minimum Salinity, PSU)
so_range (Range Salinity, PSU)
","so_ltmax, so_ltmin, so_max, so_mean, so_min, so_range"
siconc_baseline_2000_2020_depthsurf,siconc,baseline,2000,2020,depthsurf,Bio-Oracle SeaIceCover [depthSurf] Baseline 2000-2020.,"Uses attributes recommended by https://cfconventions.org

cdm_data_type = Grid
VARIABLES (all of which use the dimensions [time][latitude][longitude]):
siconc_max (Maximum SeaIceCover, 1)
siconc_ltmax (Long-term maximum SeaIceCover, 1)
siconc_mean (Average SeaIceCover, 1)
siconc_ltmin (Long-term minimum SeaIceCover, 1)
siconc_min (Minimum SeaIceCover, 1)
siconc_range (Range SeaIceCover, 1)
","siconc_ltmax, siconc_ltmin, siconc_max, siconc_mean, siconc_min, siconc_range"
sithick_baseline_2000_2020_depthsurf,sithick,baseline,2000,2020,depthsurf,Bio-Oracle SeaIceThickness [depthSurf] Baseline 2000-2020.,"Uses attributes recommended by https://cfconventions.org

cdm_data_type = Grid
VARIABLES (all of which use the dimensions [time][latitude][longitude]):
sithick_max (Maximum SeaIceThickness, m)
sithick_ltmax (Long-term maximum SeaIceThickness, m)
sithick_mean (Average SeaIceThickness, m)
sithick_ltmin (Long-term minimum SeaIceThickness, m)
sithick_min (Minimum SeaIceThickness, m)
sithick_range (Range SeaIceThickness, m)
","sithick_ltmax, sithick_ltmin, sithick_max, sithick_mean, sithick_min, sithick_range"
swd_baseline_2000_2019_depthmax,swd,baseline,2000,2019,depthmax,Bio-Oracle SeaWaterDirection [depthMax]Baseline 2000-2019.,"Uses attributes recommended by https://cfconventions.org

cdm_data_type = Grid
VARIABLES (all of which use the dimensions [time][latitude][longitude]):
swd_max (Maximum SeaWaterDirection, degree)
swd_ltmax (Long-term maximum SeaWaterDirection, degree)
swd_mean (Average SeaWaterDirection, degree)
swd_ltmin (Long-term minimum SeaWaterDirection, degree)
swd_min (Minimum SeaWaterDirection, degree)
swd_range (Range SeaWaterDirection, degree)
","swd_ltmax, swd_ltmin, swd_max, swd_mean, swd_min, swd_range"
swd_baseline_2000_2019_depthmean,swd,baseline,2000,2019,depthmean,Bio-Oracle SeaWaterDirection [depthMean]Baseline 2000-2019.,"Uses attributes recommended by https://cfconventions.org

cdm_data_type = Grid
VARIABLES (all of which use the dimensions [time][latitude][longitude]):
swd_max (Maximum SeaWaterDirection, degree)
swd_ltmax (Long-term maximum SeaWaterDirection, degree)
swd_mean (Average SeaWaterDirection, degree)
swd_ltmin (Long-term minimum SeaWaterDirection, degree)
swd_min (Minimum SeaWaterDirection, degree)
swd_range (Range SeaWaterDirection, degree)
","swd_ltmax, swd_ltmin, swd_max, swd_mean, swd_min, swd_range"
swd_baseline_2000_2019_depthmin,swd,baseline,2000,2019,depthmin,Bio-Oracle SeaWaterDirection [depthMin]Baseline 2000-2019.,"Uses attributes recommended by https://cfconventions.org

cdm_data_type = Grid
VARIABLES (all of which use the dimensions [time][latitude][longitude]):
swd_max (Maximum SeaWaterDirection, degree)
swd_ltmax (Long-term maximum SeaWaterDirection, degree)
swd_mean (Average SeaWaterDirection, degree)
swd_ltmin (Long-term minimum SeaWaterDirection, degree)
swd_min (Minimum SeaWaterDirection, degree)
swd_range (Range SeaWaterDirection, degree)
","swd_ltmax, swd_ltmin, swd_max, swd_mean, swd_min, swd_range"
swd_baseline_2000_2019_depthsurf,swd,baseline,2000,2019,depthsurf,Bio-Oracle SeaWaterDirection [depthSurf]Baseline 2000-2019.,"Uses attributes recommended by https://cfconventions.org

cdm_data_type = Grid
VARIABLES (all of which use the dimensions [time][latitude][longitude]):
swd_max (Maximum SeaWaterDirection, degree)
swd_ltmax (Long-term maximum SeaWaterDirection, degree)
swd_mean (Average SeaWaterDirection, degree)
swd_ltmin (Long-term minimum SeaWaterDirection, degree)
swd_min (Minimum SeaWaterDirection, degree)
swd_range (Range SeaWaterDirection, degree)
","swd_ltmax, swd_ltmin, swd_max, swd_mean, swd_min, swd_range"
sws_baseline_2000_2019_depthmax,sws,baseline,2000,2019,depthmax,Bio-Oracle SeaWaterSpeed [depthMax]Baseline 2000-2019.,"Uses attributes recommended by https://cfconventions.org

cdm_data_type = Grid
VARIABLES (all of which use the dimensions [time][latitude][longitude]):
sws_max (Maximum SeaWaterSpeed, m s**-1)
sws_ltmax (Long-term maximum SeaWaterSpeed, m s**-1)
sws_mean (Average SeaWaterSpeed, m s**-1)
sws_ltmin (Long-term minimum SeaWaterSpeed, m s**-1)
sws_min (Minimum SeaWaterSpeed, m s**-1)
sws_range (Range SeaWaterSpeed, m s**-1)
","sws_ltmax, sws_ltmin, sws_max, sws_mean, sws_min, sws_range"
sws_baseline_2000_2019_depthmean,sws,baseline,2000,2019,depthmean,Bio-Oracle SeaWaterSpeed [depthMean]Baseline 2000-2019.,"Uses attributes recommended by https://cfconventions.org

cdm_data_type = Grid
VARIABLES (all of which use the dimensions [time][latitude][longitude]):
sws_max (Maximum SeaWaterSpeed, m s**-1)
sws_ltmax (Long-term maximum SeaWaterSpeed, m s**-1)
sws_mean (Average SeaWaterSpeed, m s**-1)
sws_ltmin (Long-term minimum SeaWaterSpeed, m s**-1)
sws_min (Minimum SeaWaterSpeed, m s**-1)
sws_range (Range SeaWaterSpeed, m s**-1)
","sws_ltmax, sws_ltmin, sws_max, sws_mean, sws_min, sws_range"
sws_baseline_2000_2019_depthmin,sws,baseline,2000,2019,depthmin,Bio-Oracle SeaWaterSpeed [depthMin]Baseline 2000-2019.,"Uses attributes recommended by https://cfconventions.org

cdm_data_type = Grid
VARIABLES (all of which use the dimensions [time][latitude][longitude]):
sws_max (Maximum SeaWaterSpeed, m s**-1)
sws_ltmax (Long-term maximum SeaWaterSpeed, m s**-1)
sws_mean (Average SeaWaterSpeed, m s**-1)
sws_ltmin (Long-term minimum SeaWaterSpeed, m s**-1)
sws_min (Minimum SeaWaterSpeed, m s**-1)
sws_range (Range SeaWaterSpeed, m s**-1)
","sws_ltmax, sws_ltmin, sws_max, sws_mean, sws_min, sws_range"
sws_baseline_2000_2019_depthsurf,sws,baseline,2000,2019,depthsurf,Bio-Oracle SeaWaterSpeed [depthSurf]Baseline 2000-2019.,"Uses attributes recommended by https://cfconventions.org

cdm_data_type = Grid
VARIABLES (all of which use the dimensions [time][latitude][longitude]):
sws_max (Maximum SeaWaterSpeed, m s**-1)
sws_ltmax (Long-term maximum SeaWaterSpeed, m s**-1)
sws_mean (Average SeaWaterSpeed, m s**-1)
sws_ltmin (Long-term minimum SeaWaterSpeed, m s**-1)
sws_min (Minimum SeaWaterSpeed, m s**-1)
sws_range (Range SeaWaterSpeed, m s**-1)
","sws_ltmax, sws_ltmin, sws_max, sws_mean, sws_min, sws_range"
si_baseline_2000_2018_depthmax,si,baseline,2000,2018,depthmax,Bio-Oracle Silicate [depthMax] Baseline 2000-2018.,"Uses attributes recommended by https://cfconventions.org

cdm_data_type = Grid
VARIABLES (all of which use the dimensions [time][latitude][longitude]):
si_max (Maximum Silicate, MMol' 'M-3)
si_ltmax (Long-term maximum Silicate, MMol' 'M-3)
si_mean (Average Silicate, MMol' 'M-3)
si_ltmin (Long-term minimum Silicate, MMol' 'M-3)
si_min (Minimum Silicate, MMol' 'M-3)
si_range (Range Silicate, MMol' 'M-3)
","si_ltmax, si_ltmin, si_max, si_mean, si_min, si_range"
si_baseline_2000_2018_depthmean,si,baseline,2000,2018,depthmean,Bio-Oracle Silicate [depthMean] Baseline 2000-2018.,"Uses attributes recommended by https://cfconventions.org

cdm_data_type = Grid
VARIABLES (all of which use the dimensions [time][latitude][longitude]):
si_max (Maximum Silicate, MMol' 'M-3)
si_ltmax (Long-term maximum Silicate, MMol' 'M-3)
si_mean (Average Silicate, MMol' 'M-3)
si_ltmin (Long-term minimum Silicate, MMol' 'M-3)
si_min (Minimum Silicate, MMol' 'M-3)
si_range (Range Silicate, MMol' 'M-3)
","si_ltmax, si_ltmin, si_max, si_mean, si_min, si_range"
si_baseline_2000_2018_depthmin,si,baseline,2000,2018,depthmin,Bio-Oracle Silicate [depthMin] Baseline 2000-2018.,"Uses attributes recommended by https://cfconventions.org

cdm_data_type = Grid
VARIABLES (all of which use the dimensions [time][latitude][longitude]):
si_max (Maximum Silicate, MMol' 'M-3)
si_ltmax (Long-term maximum Silicate, MMol' 'M-3)
si_mean (Average Silicate, MMol' 'M-3)
si_ltmin (Long-term minimum Silicate, MMol' 'M-3)
si_min (Minimum Silicate, MMol' 'M-3)
si_range (Range Silicate, MMol' 'M-3)
","si_ltmax, si_ltmin, si_max, si_mean, si_min, si_range"
si_baseline_2000_2018_depthsurf,si,baseline,2000,2018,depthsurf,Bio-Oracle Silicate [depthSurf] Baseline 2000-2018.,"Uses attributes recommended by https://cfconventions.org

cdm_data_type = Grid
VARIABLES (all of which use the dimensions [time][latitude][longitude]):
si_max (Maximum Silicate, MMol' 'M-3)
si_ltmax (Long-term maximum Silicate, MMol' 'M-3)
si_mean (Average Silicate, MMol' 'M-3)
si_ltmin (Long-term minimum Silicate, MMol' 'M-3)
si_min (Minimum Silicate, MMol' 'M-3)
si_range (Range Silicate, MMol' 'M-3)
","si_ltmax, si_ltmin, si_max, si_mean, si_min, si_range"
clt_baseline_2000_2020_depthsurf,clt,baseline,2000,2020,depthsurf,Bio-Oracle TotalCloudFraction [depthSurf] Baseline 2000-2020.,"Uses attributes recommended by https://cfconventions.org

cdm_data_type = Grid
VARIABLES (all of which use the dimensions [time][latitude][longitude]):
clt_max (Maximum TotalCloudFraction, (0 - 1))
clt_ltmax (Long-term maximum TotalCloudFraction, (0 - 1))
clt_mean (Average TotalCloudFraction, (0 - 1))
clt_ltmin (Long-term minimum TotalCloudFraction, (0 - 1))
clt_min (Minimum TotalCloudFraction, (0 - 1))
clt_range (Range TotalCloudFraction, (0 - 1))
","clt_ltmax, clt_ltmin, clt_max, clt_mean, clt_min, clt_range"
phyc_baseline_2000_2020_depthmax,phyc,baseline,2000,2020,depthmax,Bio-Oracle TotalPhytoplankton [depthMax] Baseline 2000-2020.,"Uses attributes recommended by https://cfconventions.org

cdm_data_type = Grid
VARIABLES (all of which use the dimensions [time][latitude][longitude]):
phyc_max (Maximum TotalPhytoplankton, MMol' 'M-3)
phyc_ltmax (Long-term maximum TotalPhytoplankton, MMol' 'M-3)
phyc_mean (Average TotalPhytoplankton, MMol' 'M-3)
phyc_ltmin (Long-term minimum TotalPhytoplankton, MMol' 'M-3)
phyc_min (Minimum TotalPhytoplankton, MMol' 'M-3)
phyc_range (Range TotalPhytoplankton, MMol' 'M-3)
","phyc_ltmax, phyc_ltmin, phyc_max, phyc_mean, phyc_min, phyc_range"
phyc_baseline_2000_2020_depthmean,phyc,baseline,2000,2020,depthmean,Bio-Oracle TotalPhytoplankton [depthMean] Baseline 2000-2020.,"Uses attributes recommended by https://cfconventions.org

cdm_data_type = Grid
VARIABLES (all of which use the dimensions [time][latitude][longitude]):
phyc_max (Maximum TotalPhytoplankton, MMol' 'M-3)
phyc_ltmax (Long-term maximum TotalPhytoplankton, MMol' 'M-3)
phyc_mean (Average TotalPhytoplankton, MMol' 'M-3)
phyc_ltmin (Long-term minimum TotalPhytoplankton, MMol' 'M-3)
phyc_min (Minimum TotalPhytoplankton, MMol' 'M-3)
phyc_range (Range TotalPhytoplankton, MMol' 'M-3)
","phyc_ltmax, phyc_ltmin, phyc_max, phyc_mean, phyc_min, phyc_range"
phyc_baseline_2000_2020_depthmin,phyc,baseline,2000,2020,depthmin,Bio-Oracle TotalPhytoplankton [depthMin] Baseline 2000-2020.,"Uses attributes recommended by https://cfconventions.org

cdm_data_type = Grid
VARIABLES (all of which use the dimensions [time][latitude][longitude]):
phyc_max (Maximum TotalPhytoplankton, MMol' 'M-3)
phyc_ltmax (Long-term maximum TotalPhytoplankton, MMol' 'M-3)
phyc_mean (Average TotalPhytoplankton, MMol' 'M-3)
phyc_ltmin (Long-term minimum TotalPhytoplankton, MMol' 'M-3)
phyc_min (Minimum TotalPhytoplankton, MMol' 'M-3)
phyc_range (Range TotalPhytoplankton, MMol' 'M-3)
","phyc_ltmax, phyc_ltmin, phyc_max, phyc_mean, phyc_min, phyc_range"
phyc_baseline_2000_2020_depthsurf,phyc,baseline,2000,2020,depthsurf,Bio-Oracle TotalPhytoplankton [depthSurf] Baseline 2000-2020.,"Uses attributes recommended by https://cfconventions.org

cdm_data_type = Grid
VARIABLES (all of which use the dimensions [time][latitude][longitude]):
phyc_max (Maximum TotalPhytoplankton, MMol' 'M-3)
phyc_ltmax (Long-term maximum TotalPhytoplankton, MMol' 'M-3)
phyc_mean (Average TotalPhytoplankton, MMol' 'M-3)
phyc_ltmin (Long-term minimum TotalPhytoplankton, MMol' 'M-3)
phyc_min (Minimum TotalPhytoplankton, MMol' 'M-3)
phyc_range (Range TotalPhytoplankton, MMol' 'M-3)
","phyc_ltmax, phyc_ltmin, phyc_max, phyc_mean, phyc_min, phyc_range"
kdpar_mean_baseline_2000_2020_depthsurf,kdpar_mean,baseline,2000,2020,depthsurf,NA,NA,"kdpar_mean_ltmax, kdpar_mean_ltmin, kdpar_mean_max, kdpar_mean_mean, kdpar_mean_min, kdpar_mean_range"
par_mean_baseline_2000_2020_depthsurf,par_mean,baseline,2000,2020,depthsurf,NA,NA,"par_mean_ltmax, par_mean_ltmin, par_mean_max, par_mean_mean, par_mean_min, par_mean_range"
