ds_key,region,sp_code,season,var,cog_url,bidx
nc_atl_birds_dens,Atlantic,ARTE,summer,n_per_km2,https://file.marinesensitivity.org/cog/sdm/raw/nc_atl_birds_dens/ARTE_summer.tif,1
nc_atl_birds_dens,Atlantic,ARTE,summer,cv_n_per_km2,https://file.marinesensitivity.org/cog/sdm/raw/nc_atl_birds_dens/ARTE_summer.tif,2
nc_atl_birds_dens,Atlantic,ARTE,summer,ci90_n_per_km2,https://file.marinesensitivity.org/cog/sdm/raw/nc_atl_birds_dens/ARTE_summer.tif,3
nc_atl_birds_dens,Atlantic,ATPU,fall,n_per_km2,https://file.marinesensitivity.org/cog/sdm/raw/nc_atl_birds_dens/ATPU_fall.tif,1
nc_atl_birds_dens,Atlantic,ATPU,fall,cv_n_per_km2,https://file.marinesensitivity.org/cog/sdm/raw/nc_atl_birds_dens/ATPU_fall.tif,2
nc_atl_birds_dens,Atlantic,ATPU,fall,ci90_n_per_km2,https://file.marinesensitivity.org/cog/sdm/raw/nc_atl_birds_dens/ATPU_fall.tif,3
nc_atl_birds_dens,Atlantic,ATPU,spring,n_per_km2,https://file.marinesensitivity.org/cog/sdm/raw/nc_atl_birds_dens/ATPU_spring.tif,1
nc_atl_birds_dens,Atlantic,ATPU,spring,cv_n_per_km2,https://file.marinesensitivity.org/cog/sdm/raw/nc_atl_birds_dens/ATPU_spring.tif,2
nc_atl_birds_dens,Atlantic,ATPU,spring,ci90_n_per_km2,https://file.marinesensitivity.org/cog/sdm/raw/nc_atl_birds_dens/ATPU_spring.tif,3
nc_atl_birds_dens,Atlantic,ATPU,summer,n_per_km2,https://file.marinesensitivity.org/cog/sdm/raw/nc_atl_birds_dens/ATPU_summer.tif,1
nc_atl_birds_dens,Atlantic,ATPU,summer,cv_n_per_km2,https://file.marinesensitivity.org/cog/sdm/raw/nc_atl_birds_dens/ATPU_summer.tif,2
nc_atl_birds_dens,Atlantic,ATPU,summer,ci90_n_per_km2,https://file.marinesensitivity.org/cog/sdm/raw/nc_atl_birds_dens/ATPU_summer.tif,3
nc_atl_birds_dens,Atlantic,ATPU,winter,n_per_km2,https://file.marinesensitivity.org/cog/sdm/raw/nc_atl_birds_dens/ATPU_winter.tif,1
nc_atl_birds_dens,Atlantic,ATPU,winter,cv_n_per_km2,https://file.marinesensitivity.org/cog/sdm/raw/nc_atl_birds_dens/ATPU_winter.tif,2
nc_atl_birds_dens,Atlantic,ATPU,winter,ci90_n_per_km2,https://file.marinesensitivity.org/cog/sdm/raw/nc_atl_birds_dens/ATPU_winter.tif,3
nc_atl_birds_dens,Atlantic,AUSH,fall,n_per_km2,https://file.marinesensitivity.org/cog/sdm/raw/nc_atl_birds_dens/AUSH_fall.tif,1
nc_atl_birds_dens,Atlantic,AUSH,fall,cv_n_per_km2,https://file.marinesensitivity.org/cog/sdm/raw/nc_atl_birds_dens/AUSH_fall.tif,2
nc_atl_birds_dens,Atlantic,AUSH,fall,ci90_n_per_km2,https://file.marinesensitivity.org/cog/sdm/raw/nc_atl_birds_dens/AUSH_fall.tif,3
nc_atl_birds_dens,Atlantic,AUSH,spring,n_per_km2,https://file.marinesensitivity.org/cog/sdm/raw/nc_atl_birds_dens/AUSH_spring.tif,1
nc_atl_birds_dens,Atlantic,AUSH,spring,cv_n_per_km2,https://file.marinesensitivity.org/cog/sdm/raw/nc_atl_birds_dens/AUSH_spring.tif,2
nc_atl_birds_dens,Atlantic,AUSH,spring,ci90_n_per_km2,https://file.marinesensitivity.org/cog/sdm/raw/nc_atl_birds_dens/AUSH_spring.tif,3
nc_atl_birds_dens,Atlantic,AUSH,summer,n_per_km2,https://file.marinesensitivity.org/cog/sdm/raw/nc_atl_birds_dens/AUSH_summer.tif,1
nc_atl_birds_dens,Atlantic,AUSH,summer,cv_n_per_km2,https://file.marinesensitivity.org/cog/sdm/raw/nc_atl_birds_dens/AUSH_summer.tif,2
nc_atl_birds_dens,Atlantic,AUSH,summer,ci90_n_per_km2,https://file.marinesensitivity.org/cog/sdm/raw/nc_atl_birds_dens/AUSH_summer.tif,3
nc_atl_birds_dens,Atlantic,AUSH,winter,n_per_km2,https://file.marinesensitivity.org/cog/sdm/raw/nc_atl_birds_dens/AUSH_winter.tif,1
nc_atl_birds_dens,Atlantic,AUSH,winter,cv_n_per_km2,https://file.marinesensitivity.org/cog/sdm/raw/nc_atl_birds_dens/AUSH_winter.tif,2
nc_atl_birds_dens,Atlantic,AUSH,winter,ci90_n_per_km2,https://file.marinesensitivity.org/cog/sdm/raw/nc_atl_birds_dens/AUSH_winter.tif,3
nc_atl_birds_dens,Atlantic,BCPE,fall,n_per_km2,https://file.marinesensitivity.org/cog/sdm/raw/nc_atl_birds_dens/BCPE_fall.tif,1
nc_atl_birds_dens,Atlantic,BCPE,fall,cv_n_per_km2,https://file.marinesensitivity.org/cog/sdm/raw/nc_atl_birds_dens/BCPE_fall.tif,2
nc_atl_birds_dens,Atlantic,BCPE,fall,ci90_n_per_km2,https://file.marinesensitivity.org/cog/sdm/raw/nc_atl_birds_dens/BCPE_fall.tif,3
nc_atl_birds_dens,Atlantic,BCPE,spring,n_per_km2,https://file.marinesensitivity.org/cog/sdm/raw/nc_atl_birds_dens/BCPE_spring.tif,1
nc_atl_birds_dens,Atlantic,BCPE,spring,cv_n_per_km2,https://file.marinesensitivity.org/cog/sdm/raw/nc_atl_birds_dens/BCPE_spring.tif,2
nc_atl_birds_dens,Atlantic,BCPE,spring,ci90_n_per_km2,https://file.marinesensitivity.org/cog/sdm/raw/nc_atl_birds_dens/BCPE_spring.tif,3
nc_atl_birds_dens,Atlantic,BCPE,summer,n_per_km2,https://file.marinesensitivity.org/cog/sdm/raw/nc_atl_birds_dens/BCPE_summer.tif,1
nc_atl_birds_dens,Atlantic,BCPE,summer,cv_n_per_km2,https://file.marinesensitivity.org/cog/sdm/raw/nc_atl_birds_dens/BCPE_summer.tif,2
nc_atl_birds_dens,Atlantic,BCPE,summer,ci90_n_per_km2,https://file.marinesensitivity.org/cog/sdm/raw/nc_atl_birds_dens/BCPE_summer.tif,3
nc_atl_birds_dens,Atlantic,BCPE,winter,n_per_km2,https://file.marinesensitivity.org/cog/sdm/raw/nc_atl_birds_dens/BCPE_winter.tif,1
nc_atl_birds_dens,Atlantic,BCPE,winter,cv_n_per_km2,https://file.marinesensitivity.org/cog/sdm/raw/nc_atl_birds_dens/BCPE_winter.tif,2
nc_atl_birds_dens,Atlantic,BCPE,winter,ci90_n_per_km2,https://file.marinesensitivity.org/cog/sdm/raw/nc_atl_birds_dens/BCPE_winter.tif,3
nc_atl_birds_dens,Atlantic,BLGU,summer,n_per_km2,https://file.marinesensitivity.org/cog/sdm/raw/nc_atl_birds_dens/BLGU_summer.tif,1
nc_atl_birds_dens,Atlantic,BLGU,summer,cv_n_per_km2,https://file.marinesensitivity.org/cog/sdm/raw/nc_atl_birds_dens/BLGU_summer.tif,2
nc_atl_birds_dens,Atlantic,BLGU,summer,ci90_n_per_km2,https://file.marinesensitivity.org/cog/sdm/raw/nc_atl_birds_dens/BLGU_summer.tif,3
nc_atl_birds_dens,Atlantic,BLKI,fall,n_per_km2,https://file.marinesensitivity.org/cog/sdm/raw/nc_atl_birds_dens/BLKI_fall.tif,1
nc_atl_birds_dens,Atlantic,BLKI,fall,cv_n_per_km2,https://file.marinesensitivity.org/cog/sdm/raw/nc_atl_birds_dens/BLKI_fall.tif,2
nc_atl_birds_dens,Atlantic,BLKI,fall,ci90_n_per_km2,https://file.marinesensitivity.org/cog/sdm/raw/nc_atl_birds_dens/BLKI_fall.tif,3
nc_atl_birds_dens,Atlantic,BLKI,spring,n_per_km2,https://file.marinesensitivity.org/cog/sdm/raw/nc_atl_birds_dens/BLKI_spring.tif,1
nc_atl_birds_dens,Atlantic,BLKI,spring,cv_n_per_km2,https://file.marinesensitivity.org/cog/sdm/raw/nc_atl_birds_dens/BLKI_spring.tif,2
nc_atl_birds_dens,Atlantic,BLKI,spring,ci90_n_per_km2,https://file.marinesensitivity.org/cog/sdm/raw/nc_atl_birds_dens/BLKI_spring.tif,3
nc_atl_birds_dens,Atlantic,BLKI,winter,n_per_km2,https://file.marinesensitivity.org/cog/sdm/raw/nc_atl_birds_dens/BLKI_winter.tif,1
nc_atl_birds_dens,Atlantic,BLKI,winter,cv_n_per_km2,https://file.marinesensitivity.org/cog/sdm/raw/nc_atl_birds_dens/BLKI_winter.tif,2
nc_atl_birds_dens,Atlantic,BLKI,winter,ci90_n_per_km2,https://file.marinesensitivity.org/cog/sdm/raw/nc_atl_birds_dens/BLKI_winter.tif,3
nc_atl_birds_dens,Atlantic,BLSC,fall,n_per_km2,https://file.marinesensitivity.org/cog/sdm/raw/nc_atl_birds_dens/BLSC_fall.tif,1
nc_atl_birds_dens,Atlantic,BLSC,fall,cv_n_per_km2,https://file.marinesensitivity.org/cog/sdm/raw/nc_atl_birds_dens/BLSC_fall.tif,2
nc_atl_birds_dens,Atlantic,BLSC,fall,ci90_n_per_km2,https://file.marinesensitivity.org/cog/sdm/raw/nc_atl_birds_dens/BLSC_fall.tif,3
nc_atl_birds_dens,Atlantic,BLSC,spring,n_per_km2,https://file.marinesensitivity.org/cog/sdm/raw/nc_atl_birds_dens/BLSC_spring.tif,1
nc_atl_birds_dens,Atlantic,BLSC,spring,cv_n_per_km2,https://file.marinesensitivity.org/cog/sdm/raw/nc_atl_birds_dens/BLSC_spring.tif,2
nc_atl_birds_dens,Atlantic,BLSC,spring,ci90_n_per_km2,https://file.marinesensitivity.org/cog/sdm/raw/nc_atl_birds_dens/BLSC_spring.tif,3
nc_atl_birds_dens,Atlantic,BLSC,winter,n_per_km2,https://file.marinesensitivity.org/cog/sdm/raw/nc_atl_birds_dens/BLSC_winter.tif,1
nc_atl_birds_dens,Atlantic,BLSC,winter,cv_n_per_km2,https://file.marinesensitivity.org/cog/sdm/raw/nc_atl_birds_dens/BLSC_winter.tif,2
nc_atl_birds_dens,Atlantic,BLSC,winter,ci90_n_per_km2,https://file.marinesensitivity.org/cog/sdm/raw/nc_atl_birds_dens/BLSC_winter.tif,3
nc_atl_birds_dens,Atlantic,BOGU,fall,n_per_km2,https://file.marinesensitivity.org/cog/sdm/raw/nc_atl_birds_dens/BOGU_fall.tif,1
nc_atl_birds_dens,Atlantic,BOGU,fall,cv_n_per_km2,https://file.marinesensitivity.org/cog/sdm/raw/nc_atl_birds_dens/BOGU_fall.tif,2
nc_atl_birds_dens,Atlantic,BOGU,fall,ci90_n_per_km2,https://file.marinesensitivity.org/cog/sdm/raw/nc_atl_birds_dens/BOGU_fall.tif,3
nc_atl_birds_dens,Atlantic,BOGU,spring,n_per_km2,https://file.marinesensitivity.org/cog/sdm/raw/nc_atl_birds_dens/BOGU_spring.tif,1
nc_atl_birds_dens,Atlantic,BOGU,spring,cv_n_per_km2,https://file.marinesensitivity.org/cog/sdm/raw/nc_atl_birds_dens/BOGU_spring.tif,2
nc_atl_birds_dens,Atlantic,BOGU,spring,ci90_n_per_km2,https://file.marinesensitivity.org/cog/sdm/raw/nc_atl_birds_dens/BOGU_spring.tif,3
nc_atl_birds_dens,Atlantic,BOGU,winter,n_per_km2,https://file.marinesensitivity.org/cog/sdm/raw/nc_atl_birds_dens/BOGU_winter.tif,1
nc_atl_birds_dens,Atlantic,BOGU,winter,cv_n_per_km2,https://file.marinesensitivity.org/cog/sdm/raw/nc_atl_birds_dens/BOGU_winter.tif,2
nc_atl_birds_dens,Atlantic,BOGU,winter,ci90_n_per_km2,https://file.marinesensitivity.org/cog/sdm/raw/nc_atl_birds_dens/BOGU_winter.tif,3
nc_atl_birds_dens,Atlantic,BRPE,fall,n_per_km2,https://file.marinesensitivity.org/cog/sdm/raw/nc_atl_birds_dens/BRPE_fall.tif,1
nc_atl_birds_dens,Atlantic,BRPE,fall,cv_n_per_km2,https://file.marinesensitivity.org/cog/sdm/raw/nc_atl_birds_dens/BRPE_fall.tif,2
nc_atl_birds_dens,Atlantic,BRPE,fall,ci90_n_per_km2,https://file.marinesensitivity.org/cog/sdm/raw/nc_atl_birds_dens/BRPE_fall.tif,3
nc_atl_birds_dens,Atlantic,BRPE,spring,n_per_km2,https://file.marinesensitivity.org/cog/sdm/raw/nc_atl_birds_dens/BRPE_spring.tif,1
nc_atl_birds_dens,Atlantic,BRPE,spring,cv_n_per_km2,https://file.marinesensitivity.org/cog/sdm/raw/nc_atl_birds_dens/BRPE_spring.tif,2
nc_atl_birds_dens,Atlantic,BRPE,spring,ci90_n_per_km2,https://file.marinesensitivity.org/cog/sdm/raw/nc_atl_birds_dens/BRPE_spring.tif,3
nc_atl_birds_dens,Atlantic,BRPE,summer,n_per_km2,https://file.marinesensitivity.org/cog/sdm/raw/nc_atl_birds_dens/BRPE_summer.tif,1
nc_atl_birds_dens,Atlantic,BRPE,summer,cv_n_per_km2,https://file.marinesensitivity.org/cog/sdm/raw/nc_atl_birds_dens/BRPE_summer.tif,2
nc_atl_birds_dens,Atlantic,BRPE,summer,ci90_n_per_km2,https://file.marinesensitivity.org/cog/sdm/raw/nc_atl_birds_dens/BRPE_summer.tif,3
nc_atl_birds_dens,Atlantic,BRPE,winter,n_per_km2,https://file.marinesensitivity.org/cog/sdm/raw/nc_atl_birds_dens/BRPE_winter.tif,1
nc_atl_birds_dens,Atlantic,BRPE,winter,cv_n_per_km2,https://file.marinesensitivity.org/cog/sdm/raw/nc_atl_birds_dens/BRPE_winter.tif,2
nc_atl_birds_dens,Atlantic,BRPE,winter,ci90_n_per_km2,https://file.marinesensitivity.org/cog/sdm/raw/nc_atl_birds_dens/BRPE_winter.tif,3
nc_atl_birds_dens,Atlantic,BRSP,summer,n_per_km2,https://file.marinesensitivity.org/cog/sdm/raw/nc_atl_birds_dens/BRSP_summer.tif,1
nc_atl_birds_dens,Atlantic,BRSP,summer,cv_n_per_km2,https://file.marinesensitivity.org/cog/sdm/raw/nc_atl_birds_dens/BRSP_summer.tif,2
nc_atl_birds_dens,Atlantic,BRSP,summer,ci90_n_per_km2,https://file.marinesensitivity.org/cog/sdm/raw/nc_atl_birds_dens/BRSP_summer.tif,3
nc_atl_birds_dens,Atlantic,BRTE,fall,n_per_km2,https://file.marinesensitivity.org/cog/sdm/raw/nc_atl_birds_dens/BRTE_fall.tif,1
nc_atl_birds_dens,Atlantic,BRTE,fall,cv_n_per_km2,https://file.marinesensitivity.org/cog/sdm/raw/nc_atl_birds_dens/BRTE_fall.tif,2
nc_atl_birds_dens,Atlantic,BRTE,fall,ci90_n_per_km2,https://file.marinesensitivity.org/cog/sdm/raw/nc_atl_birds_dens/BRTE_fall.tif,3
nc_atl_birds_dens,Atlantic,BRTE,summer,n_per_km2,https://file.marinesensitivity.org/cog/sdm/raw/nc_atl_birds_dens/BRTE_summer.tif,1
nc_atl_birds_dens,Atlantic,BRTE,summer,cv_n_per_km2,https://file.marinesensitivity.org/cog/sdm/raw/nc_atl_birds_dens/BRTE_summer.tif,2
nc_atl_birds_dens,Atlantic,BRTE,summer,ci90_n_per_km2,https://file.marinesensitivity.org/cog/sdm/raw/nc_atl_birds_dens/BRTE_summer.tif,3
nc_atl_birds_dens,Atlantic,COEI,fall,n_per_km2,https://file.marinesensitivity.org/cog/sdm/raw/nc_atl_birds_dens/COEI_fall.tif,1
nc_atl_birds_dens,Atlantic,COEI,fall,cv_n_per_km2,https://file.marinesensitivity.org/cog/sdm/raw/nc_atl_birds_dens/COEI_fall.tif,2
nc_atl_birds_dens,Atlantic,COEI,fall,ci90_n_per_km2,https://file.marinesensitivity.org/cog/sdm/raw/nc_atl_birds_dens/COEI_fall.tif,3
nc_atl_birds_dens,Atlantic,COEI,spring,n_per_km2,https://file.marinesensitivity.org/cog/sdm/raw/nc_atl_birds_dens/COEI_spring.tif,1
nc_atl_birds_dens,Atlantic,COEI,spring,cv_n_per_km2,https://file.marinesensitivity.org/cog/sdm/raw/nc_atl_birds_dens/COEI_spring.tif,2
nc_atl_birds_dens,Atlantic,COEI,spring,ci90_n_per_km2,https://file.marinesensitivity.org/cog/sdm/raw/nc_atl_birds_dens/COEI_spring.tif,3
nc_atl_birds_dens,Atlantic,COEI,summer,n_per_km2,https://file.marinesensitivity.org/cog/sdm/raw/nc_atl_birds_dens/COEI_summer.tif,1
nc_atl_birds_dens,Atlantic,COEI,summer,cv_n_per_km2,https://file.marinesensitivity.org/cog/sdm/raw/nc_atl_birds_dens/COEI_summer.tif,2
nc_atl_birds_dens,Atlantic,COEI,summer,ci90_n_per_km2,https://file.marinesensitivity.org/cog/sdm/raw/nc_atl_birds_dens/COEI_summer.tif,3
nc_atl_birds_dens,Atlantic,COEI,winter,n_per_km2,https://file.marinesensitivity.org/cog/sdm/raw/nc_atl_birds_dens/COEI_winter.tif,1
nc_atl_birds_dens,Atlantic,COEI,winter,cv_n_per_km2,https://file.marinesensitivity.org/cog/sdm/raw/nc_atl_birds_dens/COEI_winter.tif,2
nc_atl_birds_dens,Atlantic,COEI,winter,ci90_n_per_km2,https://file.marinesensitivity.org/cog/sdm/raw/nc_atl_birds_dens/COEI_winter.tif,3
nc_atl_birds_dens,Atlantic,COLO,fall,n_per_km2,https://file.marinesensitivity.org/cog/sdm/raw/nc_atl_birds_dens/COLO_fall.tif,1
nc_atl_birds_dens,Atlantic,COLO,fall,cv_n_per_km2,https://file.marinesensitivity.org/cog/sdm/raw/nc_atl_birds_dens/COLO_fall.tif,2
nc_atl_birds_dens,Atlantic,COLO,fall,ci90_n_per_km2,https://file.marinesensitivity.org/cog/sdm/raw/nc_atl_birds_dens/COLO_fall.tif,3
nc_atl_birds_dens,Atlantic,COLO,spring,n_per_km2,https://file.marinesensitivity.org/cog/sdm/raw/nc_atl_birds_dens/COLO_spring.tif,1
nc_atl_birds_dens,Atlantic,COLO,spring,cv_n_per_km2,https://file.marinesensitivity.org/cog/sdm/raw/nc_atl_birds_dens/COLO_spring.tif,2
nc_atl_birds_dens,Atlantic,COLO,spring,ci90_n_per_km2,https://file.marinesensitivity.org/cog/sdm/raw/nc_atl_birds_dens/COLO_spring.tif,3
nc_atl_birds_dens,Atlantic,COLO,summer,n_per_km2,https://file.marinesensitivity.org/cog/sdm/raw/nc_atl_birds_dens/COLO_summer.tif,1
nc_atl_birds_dens,Atlantic,COLO,summer,cv_n_per_km2,https://file.marinesensitivity.org/cog/sdm/raw/nc_atl_birds_dens/COLO_summer.tif,2
nc_atl_birds_dens,Atlantic,COLO,summer,ci90_n_per_km2,https://file.marinesensitivity.org/cog/sdm/raw/nc_atl_birds_dens/COLO_summer.tif,3
nc_atl_birds_dens,Atlantic,COLO,winter,n_per_km2,https://file.marinesensitivity.org/cog/sdm/raw/nc_atl_birds_dens/COLO_winter.tif,1
nc_atl_birds_dens,Atlantic,COLO,winter,cv_n_per_km2,https://file.marinesensitivity.org/cog/sdm/raw/nc_atl_birds_dens/COLO_winter.tif,2
nc_atl_birds_dens,Atlantic,COLO,winter,ci90_n_per_km2,https://file.marinesensitivity.org/cog/sdm/raw/nc_atl_birds_dens/COLO_winter.tif,3
nc_atl_birds_dens,Atlantic,COMU,spring,n_per_km2,https://file.marinesensitivity.org/cog/sdm/raw/nc_atl_birds_dens/COMU_spring.tif,1
nc_atl_birds_dens,Atlantic,COMU,spring,cv_n_per_km2,https://file.marinesensitivity.org/cog/sdm/raw/nc_atl_birds_dens/COMU_spring.tif,2
nc_atl_birds_dens,Atlantic,COMU,spring,ci90_n_per_km2,https://file.marinesensitivity.org/cog/sdm/raw/nc_atl_birds_dens/COMU_spring.tif,3
nc_atl_birds_dens,Atlantic,COMU,winter,n_per_km2,https://file.marinesensitivity.org/cog/sdm/raw/nc_atl_birds_dens/COMU_winter.tif,1
nc_atl_birds_dens,Atlantic,COMU,winter,cv_n_per_km2,https://file.marinesensitivity.org/cog/sdm/raw/nc_atl_birds_dens/COMU_winter.tif,2
nc_atl_birds_dens,Atlantic,COMU,winter,ci90_n_per_km2,https://file.marinesensitivity.org/cog/sdm/raw/nc_atl_birds_dens/COMU_winter.tif,3
nc_atl_birds_dens,Atlantic,COSH,fall,n_per_km2,https://file.marinesensitivity.org/cog/sdm/raw/nc_atl_birds_dens/COSH_fall.tif,1
nc_atl_birds_dens,Atlantic,COSH,fall,cv_n_per_km2,https://file.marinesensitivity.org/cog/sdm/raw/nc_atl_birds_dens/COSH_fall.tif,2
nc_atl_birds_dens,Atlantic,COSH,fall,ci90_n_per_km2,https://file.marinesensitivity.org/cog/sdm/raw/nc_atl_birds_dens/COSH_fall.tif,3
nc_atl_birds_dens,Atlantic,COSH,spring,n_per_km2,https://file.marinesensitivity.org/cog/sdm/raw/nc_atl_birds_dens/COSH_spring.tif,1
nc_atl_birds_dens,Atlantic,COSH,spring,cv_n_per_km2,https://file.marinesensitivity.org/cog/sdm/raw/nc_atl_birds_dens/COSH_spring.tif,2
nc_atl_birds_dens,Atlantic,COSH,spring,ci90_n_per_km2,https://file.marinesensitivity.org/cog/sdm/raw/nc_atl_birds_dens/COSH_spring.tif,3
nc_atl_birds_dens,Atlantic,COSH,summer,n_per_km2,https://file.marinesensitivity.org/cog/sdm/raw/nc_atl_birds_dens/COSH_summer.tif,1
nc_atl_birds_dens,Atlantic,COSH,summer,cv_n_per_km2,https://file.marinesensitivity.org/cog/sdm/raw/nc_atl_birds_dens/COSH_summer.tif,2
nc_atl_birds_dens,Atlantic,COSH,summer,ci90_n_per_km2,https://file.marinesensitivity.org/cog/sdm/raw/nc_atl_birds_dens/COSH_summer.tif,3
nc_atl_birds_dens,Atlantic,COTE,fall,n_per_km2,https://file.marinesensitivity.org/cog/sdm/raw/nc_atl_birds_dens/COTE_fall.tif,1
nc_atl_birds_dens,Atlantic,COTE,fall,cv_n_per_km2,https://file.marinesensitivity.org/cog/sdm/raw/nc_atl_birds_dens/COTE_fall.tif,2
nc_atl_birds_dens,Atlantic,COTE,fall,ci90_n_per_km2,https://file.marinesensitivity.org/cog/sdm/raw/nc_atl_birds_dens/COTE_fall.tif,3
nc_atl_birds_dens,Atlantic,COTE,spring,n_per_km2,https://file.marinesensitivity.org/cog/sdm/raw/nc_atl_birds_dens/COTE_spring.tif,1
nc_atl_birds_dens,Atlantic,COTE,spring,cv_n_per_km2,https://file.marinesensitivity.org/cog/sdm/raw/nc_atl_birds_dens/COTE_spring.tif,2
nc_atl_birds_dens,Atlantic,COTE,spring,ci90_n_per_km2,https://file.marinesensitivity.org/cog/sdm/raw/nc_atl_birds_dens/COTE_spring.tif,3
nc_atl_birds_dens,Atlantic,COTE,summer,n_per_km2,https://file.marinesensitivity.org/cog/sdm/raw/nc_atl_birds_dens/COTE_summer.tif,1
nc_atl_birds_dens,Atlantic,COTE,summer,cv_n_per_km2,https://file.marinesensitivity.org/cog/sdm/raw/nc_atl_birds_dens/COTE_summer.tif,2
nc_atl_birds_dens,Atlantic,COTE,summer,ci90_n_per_km2,https://file.marinesensitivity.org/cog/sdm/raw/nc_atl_birds_dens/COTE_summer.tif,3
nc_atl_birds_dens,Atlantic,DCCO,fall,n_per_km2,https://file.marinesensitivity.org/cog/sdm/raw/nc_atl_birds_dens/DCCO_fall.tif,1
nc_atl_birds_dens,Atlantic,DCCO,fall,cv_n_per_km2,https://file.marinesensitivity.org/cog/sdm/raw/nc_atl_birds_dens/DCCO_fall.tif,2
nc_atl_birds_dens,Atlantic,DCCO,fall,ci90_n_per_km2,https://file.marinesensitivity.org/cog/sdm/raw/nc_atl_birds_dens/DCCO_fall.tif,3
nc_atl_birds_dens,Atlantic,DCCO,spring,n_per_km2,https://file.marinesensitivity.org/cog/sdm/raw/nc_atl_birds_dens/DCCO_spring.tif,1
nc_atl_birds_dens,Atlantic,DCCO,spring,cv_n_per_km2,https://file.marinesensitivity.org/cog/sdm/raw/nc_atl_birds_dens/DCCO_spring.tif,2
nc_atl_birds_dens,Atlantic,DCCO,spring,ci90_n_per_km2,https://file.marinesensitivity.org/cog/sdm/raw/nc_atl_birds_dens/DCCO_spring.tif,3
nc_atl_birds_dens,Atlantic,DCCO,summer,n_per_km2,https://file.marinesensitivity.org/cog/sdm/raw/nc_atl_birds_dens/DCCO_summer.tif,1
nc_atl_birds_dens,Atlantic,DCCO,summer,cv_n_per_km2,https://file.marinesensitivity.org/cog/sdm/raw/nc_atl_birds_dens/DCCO_summer.tif,2
nc_atl_birds_dens,Atlantic,DCCO,summer,ci90_n_per_km2,https://file.marinesensitivity.org/cog/sdm/raw/nc_atl_birds_dens/DCCO_summer.tif,3
nc_atl_birds_dens,Atlantic,DCCO,winter,n_per_km2,https://file.marinesensitivity.org/cog/sdm/raw/nc_atl_birds_dens/DCCO_winter.tif,1
nc_atl_birds_dens,Atlantic,DCCO,winter,cv_n_per_km2,https://file.marinesensitivity.org/cog/sdm/raw/nc_atl_birds_dens/DCCO_winter.tif,2
nc_atl_birds_dens,Atlantic,DCCO,winter,ci90_n_per_km2,https://file.marinesensitivity.org/cog/sdm/raw/nc_atl_birds_dens/DCCO_winter.tif,3
nc_atl_birds_dens,Atlantic,DOVE,fall,n_per_km2,https://file.marinesensitivity.org/cog/sdm/raw/nc_atl_birds_dens/DOVE_fall.tif,1
nc_atl_birds_dens,Atlantic,DOVE,fall,cv_n_per_km2,https://file.marinesensitivity.org/cog/sdm/raw/nc_atl_birds_dens/DOVE_fall.tif,2
nc_atl_birds_dens,Atlantic,DOVE,fall,ci90_n_per_km2,https://file.marinesensitivity.org/cog/sdm/raw/nc_atl_birds_dens/DOVE_fall.tif,3
nc_atl_birds_dens,Atlantic,DOVE,spring,n_per_km2,https://file.marinesensitivity.org/cog/sdm/raw/nc_atl_birds_dens/DOVE_spring.tif,1
nc_atl_birds_dens,Atlantic,DOVE,spring,cv_n_per_km2,https://file.marinesensitivity.org/cog/sdm/raw/nc_atl_birds_dens/DOVE_spring.tif,2
nc_atl_birds_dens,Atlantic,DOVE,spring,ci90_n_per_km2,https://file.marinesensitivity.org/cog/sdm/raw/nc_atl_birds_dens/DOVE_spring.tif,3
nc_atl_birds_dens,Atlantic,DOVE,summer,n_per_km2,https://file.marinesensitivity.org/cog/sdm/raw/nc_atl_birds_dens/DOVE_summer.tif,1
nc_atl_birds_dens,Atlantic,DOVE,summer,cv_n_per_km2,https://file.marinesensitivity.org/cog/sdm/raw/nc_atl_birds_dens/DOVE_summer.tif,2
nc_atl_birds_dens,Atlantic,DOVE,summer,ci90_n_per_km2,https://file.marinesensitivity.org/cog/sdm/raw/nc_atl_birds_dens/DOVE_summer.tif,3
nc_atl_birds_dens,Atlantic,DOVE,winter,n_per_km2,https://file.marinesensitivity.org/cog/sdm/raw/nc_atl_birds_dens/DOVE_winter.tif,1
nc_atl_birds_dens,Atlantic,DOVE,winter,cv_n_per_km2,https://file.marinesensitivity.org/cog/sdm/raw/nc_atl_birds_dens/DOVE_winter.tif,2
nc_atl_birds_dens,Atlantic,DOVE,winter,ci90_n_per_km2,https://file.marinesensitivity.org/cog/sdm/raw/nc_atl_birds_dens/DOVE_winter.tif,3
nc_atl_birds_dens,Atlantic,GBBG,fall,n_per_km2,https://file.marinesensitivity.org/cog/sdm/raw/nc_atl_birds_dens/GBBG_fall.tif,1
nc_atl_birds_dens,Atlantic,GBBG,fall,cv_n_per_km2,https://file.marinesensitivity.org/cog/sdm/raw/nc_atl_birds_dens/GBBG_fall.tif,2
nc_atl_birds_dens,Atlantic,GBBG,fall,ci90_n_per_km2,https://file.marinesensitivity.org/cog/sdm/raw/nc_atl_birds_dens/GBBG_fall.tif,3
nc_atl_birds_dens,Atlantic,GBBG,spring,n_per_km2,https://file.marinesensitivity.org/cog/sdm/raw/nc_atl_birds_dens/GBBG_spring.tif,1
nc_atl_birds_dens,Atlantic,GBBG,spring,cv_n_per_km2,https://file.marinesensitivity.org/cog/sdm/raw/nc_atl_birds_dens/GBBG_spring.tif,2
nc_atl_birds_dens,Atlantic,GBBG,spring,ci90_n_per_km2,https://file.marinesensitivity.org/cog/sdm/raw/nc_atl_birds_dens/GBBG_spring.tif,3
nc_atl_birds_dens,Atlantic,GBBG,summer,n_per_km2,https://file.marinesensitivity.org/cog/sdm/raw/nc_atl_birds_dens/GBBG_summer.tif,1
nc_atl_birds_dens,Atlantic,GBBG,summer,cv_n_per_km2,https://file.marinesensitivity.org/cog/sdm/raw/nc_atl_birds_dens/GBBG_summer.tif,2
nc_atl_birds_dens,Atlantic,GBBG,summer,ci90_n_per_km2,https://file.marinesensitivity.org/cog/sdm/raw/nc_atl_birds_dens/GBBG_summer.tif,3
nc_atl_birds_dens,Atlantic,GBBG,winter,n_per_km2,https://file.marinesensitivity.org/cog/sdm/raw/nc_atl_birds_dens/GBBG_winter.tif,1
nc_atl_birds_dens,Atlantic,GBBG,winter,cv_n_per_km2,https://file.marinesensitivity.org/cog/sdm/raw/nc_atl_birds_dens/GBBG_winter.tif,2
nc_atl_birds_dens,Atlantic,GBBG,winter,ci90_n_per_km2,https://file.marinesensitivity.org/cog/sdm/raw/nc_atl_birds_dens/GBBG_winter.tif,3
nc_atl_birds_dens,Atlantic,GRSH,fall,n_per_km2,https://file.marinesensitivity.org/cog/sdm/raw/nc_atl_birds_dens/GRSH_fall.tif,1
nc_atl_birds_dens,Atlantic,GRSH,fall,cv_n_per_km2,https://file.marinesensitivity.org/cog/sdm/raw/nc_atl_birds_dens/GRSH_fall.tif,2
nc_atl_birds_dens,Atlantic,GRSH,fall,ci90_n_per_km2,https://file.marinesensitivity.org/cog/sdm/raw/nc_atl_birds_dens/GRSH_fall.tif,3
nc_atl_birds_dens,Atlantic,GRSH,spring,n_per_km2,https://file.marinesensitivity.org/cog/sdm/raw/nc_atl_birds_dens/GRSH_spring.tif,1
nc_atl_birds_dens,Atlantic,GRSH,spring,cv_n_per_km2,https://file.marinesensitivity.org/cog/sdm/raw/nc_atl_birds_dens/GRSH_spring.tif,2
nc_atl_birds_dens,Atlantic,GRSH,spring,ci90_n_per_km2,https://file.marinesensitivity.org/cog/sdm/raw/nc_atl_birds_dens/GRSH_spring.tif,3
nc_atl_birds_dens,Atlantic,GRSH,summer,n_per_km2,https://file.marinesensitivity.org/cog/sdm/raw/nc_atl_birds_dens/GRSH_summer.tif,1
nc_atl_birds_dens,Atlantic,GRSH,summer,cv_n_per_km2,https://file.marinesensitivity.org/cog/sdm/raw/nc_atl_birds_dens/GRSH_summer.tif,2
nc_atl_birds_dens,Atlantic,GRSH,summer,ci90_n_per_km2,https://file.marinesensitivity.org/cog/sdm/raw/nc_atl_birds_dens/GRSH_summer.tif,3
nc_atl_birds_dens,Atlantic,GRSH,winter,n_per_km2,https://file.marinesensitivity.org/cog/sdm/raw/nc_atl_birds_dens/GRSH_winter.tif,1
nc_atl_birds_dens,Atlantic,GRSH,winter,cv_n_per_km2,https://file.marinesensitivity.org/cog/sdm/raw/nc_atl_birds_dens/GRSH_winter.tif,2
nc_atl_birds_dens,Atlantic,GRSH,winter,ci90_n_per_km2,https://file.marinesensitivity.org/cog/sdm/raw/nc_atl_birds_dens/GRSH_winter.tif,3
nc_atl_birds_dens,Atlantic,GRSK,fall,n_per_km2,https://file.marinesensitivity.org/cog/sdm/raw/nc_atl_birds_dens/GRSK_fall.tif,1
nc_atl_birds_dens,Atlantic,GRSK,fall,cv_n_per_km2,https://file.marinesensitivity.org/cog/sdm/raw/nc_atl_birds_dens/GRSK_fall.tif,2
nc_atl_birds_dens,Atlantic,GRSK,fall,ci90_n_per_km2,https://file.marinesensitivity.org/cog/sdm/raw/nc_atl_birds_dens/GRSK_fall.tif,3
nc_atl_birds_dens,Atlantic,HERG,fall,n_per_km2,https://file.marinesensitivity.org/cog/sdm/raw/nc_atl_birds_dens/HERG_fall.tif,1
nc_atl_birds_dens,Atlantic,HERG,fall,cv_n_per_km2,https://file.marinesensitivity.org/cog/sdm/raw/nc_atl_birds_dens/HERG_fall.tif,2
nc_atl_birds_dens,Atlantic,HERG,fall,ci90_n_per_km2,https://file.marinesensitivity.org/cog/sdm/raw/nc_atl_birds_dens/HERG_fall.tif,3
nc_atl_birds_dens,Atlantic,HERG,spring,n_per_km2,https://file.marinesensitivity.org/cog/sdm/raw/nc_atl_birds_dens/HERG_spring.tif,1
nc_atl_birds_dens,Atlantic,HERG,spring,cv_n_per_km2,https://file.marinesensitivity.org/cog/sdm/raw/nc_atl_birds_dens/HERG_spring.tif,2
nc_atl_birds_dens,Atlantic,HERG,spring,ci90_n_per_km2,https://file.marinesensitivity.org/cog/sdm/raw/nc_atl_birds_dens/HERG_spring.tif,3
nc_atl_birds_dens,Atlantic,HERG,summer,n_per_km2,https://file.marinesensitivity.org/cog/sdm/raw/nc_atl_birds_dens/HERG_summer.tif,1
nc_atl_birds_dens,Atlantic,HERG,summer,cv_n_per_km2,https://file.marinesensitivity.org/cog/sdm/raw/nc_atl_birds_dens/HERG_summer.tif,2
nc_atl_birds_dens,Atlantic,HERG,summer,ci90_n_per_km2,https://file.marinesensitivity.org/cog/sdm/raw/nc_atl_birds_dens/HERG_summer.tif,3
nc_atl_birds_dens,Atlantic,HERG,winter,n_per_km2,https://file.marinesensitivity.org/cog/sdm/raw/nc_atl_birds_dens/HERG_winter.tif,1
nc_atl_birds_dens,Atlantic,HERG,winter,cv_n_per_km2,https://file.marinesensitivity.org/cog/sdm/raw/nc_atl_birds_dens/HERG_winter.tif,2
nc_atl_birds_dens,Atlantic,HERG,winter,ci90_n_per_km2,https://file.marinesensitivity.org/cog/sdm/raw/nc_atl_birds_dens/HERG_winter.tif,3
nc_atl_birds_dens,Atlantic,HOGR,winter,n_per_km2,https://file.marinesensitivity.org/cog/sdm/raw/nc_atl_birds_dens/HOGR_winter.tif,1
nc_atl_birds_dens,Atlantic,HOGR,winter,cv_n_per_km2,https://file.marinesensitivity.org/cog/sdm/raw/nc_atl_birds_dens/HOGR_winter.tif,2
nc_atl_birds_dens,Atlantic,HOGR,winter,ci90_n_per_km2,https://file.marinesensitivity.org/cog/sdm/raw/nc_atl_birds_dens/HOGR_winter.tif,3
nc_atl_birds_dens,Atlantic,LAGU,fall,n_per_km2,https://file.marinesensitivity.org/cog/sdm/raw/nc_atl_birds_dens/LAGU_fall.tif,1
nc_atl_birds_dens,Atlantic,LAGU,fall,cv_n_per_km2,https://file.marinesensitivity.org/cog/sdm/raw/nc_atl_birds_dens/LAGU_fall.tif,2
nc_atl_birds_dens,Atlantic,LAGU,fall,ci90_n_per_km2,https://file.marinesensitivity.org/cog/sdm/raw/nc_atl_birds_dens/LAGU_fall.tif,3
nc_atl_birds_dens,Atlantic,LAGU,spring,n_per_km2,https://file.marinesensitivity.org/cog/sdm/raw/nc_atl_birds_dens/LAGU_spring.tif,1
nc_atl_birds_dens,Atlantic,LAGU,spring,cv_n_per_km2,https://file.marinesensitivity.org/cog/sdm/raw/nc_atl_birds_dens/LAGU_spring.tif,2
nc_atl_birds_dens,Atlantic,LAGU,spring,ci90_n_per_km2,https://file.marinesensitivity.org/cog/sdm/raw/nc_atl_birds_dens/LAGU_spring.tif,3
nc_atl_birds_dens,Atlantic,LAGU,summer,n_per_km2,https://file.marinesensitivity.org/cog/sdm/raw/nc_atl_birds_dens/LAGU_summer.tif,1
nc_atl_birds_dens,Atlantic,LAGU,summer,cv_n_per_km2,https://file.marinesensitivity.org/cog/sdm/raw/nc_atl_birds_dens/LAGU_summer.tif,2
nc_atl_birds_dens,Atlantic,LAGU,summer,ci90_n_per_km2,https://file.marinesensitivity.org/cog/sdm/raw/nc_atl_birds_dens/LAGU_summer.tif,3
nc_atl_birds_dens,Atlantic,LAGU,winter,n_per_km2,https://file.marinesensitivity.org/cog/sdm/raw/nc_atl_birds_dens/LAGU_winter.tif,1
nc_atl_birds_dens,Atlantic,LAGU,winter,cv_n_per_km2,https://file.marinesensitivity.org/cog/sdm/raw/nc_atl_birds_dens/LAGU_winter.tif,2
nc_atl_birds_dens,Atlantic,LAGU,winter,ci90_n_per_km2,https://file.marinesensitivity.org/cog/sdm/raw/nc_atl_birds_dens/LAGU_winter.tif,3
nc_atl_birds_dens,Atlantic,LESP,fall,n_per_km2,https://file.marinesensitivity.org/cog/sdm/raw/nc_atl_birds_dens/LESP_fall.tif,1
nc_atl_birds_dens,Atlantic,LESP,fall,cv_n_per_km2,https://file.marinesensitivity.org/cog/sdm/raw/nc_atl_birds_dens/LESP_fall.tif,2
nc_atl_birds_dens,Atlantic,LESP,fall,ci90_n_per_km2,https://file.marinesensitivity.org/cog/sdm/raw/nc_atl_birds_dens/LESP_fall.tif,3
nc_atl_birds_dens,Atlantic,LESP,spring,n_per_km2,https://file.marinesensitivity.org/cog/sdm/raw/nc_atl_birds_dens/LESP_spring.tif,1
nc_atl_birds_dens,Atlantic,LESP,spring,cv_n_per_km2,https://file.marinesensitivity.org/cog/sdm/raw/nc_atl_birds_dens/LESP_spring.tif,2
nc_atl_birds_dens,Atlantic,LESP,spring,ci90_n_per_km2,https://file.marinesensitivity.org/cog/sdm/raw/nc_atl_birds_dens/LESP_spring.tif,3
nc_atl_birds_dens,Atlantic,LESP,summer,n_per_km2,https://file.marinesensitivity.org/cog/sdm/raw/nc_atl_birds_dens/LESP_summer.tif,1
nc_atl_birds_dens,Atlantic,LESP,summer,cv_n_per_km2,https://file.marinesensitivity.org/cog/sdm/raw/nc_atl_birds_dens/LESP_summer.tif,2
nc_atl_birds_dens,Atlantic,LESP,summer,ci90_n_per_km2,https://file.marinesensitivity.org/cog/sdm/raw/nc_atl_birds_dens/LESP_summer.tif,3
nc_atl_birds_dens,Atlantic,LETE,fall,n_per_km2,https://file.marinesensitivity.org/cog/sdm/raw/nc_atl_birds_dens/LETE_fall.tif,1
nc_atl_birds_dens,Atlantic,LETE,fall,cv_n_per_km2,https://file.marinesensitivity.org/cog/sdm/raw/nc_atl_birds_dens/LETE_fall.tif,2
nc_atl_birds_dens,Atlantic,LETE,fall,ci90_n_per_km2,https://file.marinesensitivity.org/cog/sdm/raw/nc_atl_birds_dens/LETE_fall.tif,3
nc_atl_birds_dens,Atlantic,LETE,summer,n_per_km2,https://file.marinesensitivity.org/cog/sdm/raw/nc_atl_birds_dens/LETE_summer.tif,1
nc_atl_birds_dens,Atlantic,LETE,summer,cv_n_per_km2,https://file.marinesensitivity.org/cog/sdm/raw/nc_atl_birds_dens/LETE_summer.tif,2
nc_atl_birds_dens,Atlantic,LETE,summer,ci90_n_per_km2,https://file.marinesensitivity.org/cog/sdm/raw/nc_atl_birds_dens/LETE_summer.tif,3
nc_atl_birds_dens,Atlantic,LTDU,fall,n_per_km2,https://file.marinesensitivity.org/cog/sdm/raw/nc_atl_birds_dens/LTDU_fall.tif,1
nc_atl_birds_dens,Atlantic,LTDU,fall,cv_n_per_km2,https://file.marinesensitivity.org/cog/sdm/raw/nc_atl_birds_dens/LTDU_fall.tif,2
nc_atl_birds_dens,Atlantic,LTDU,fall,ci90_n_per_km2,https://file.marinesensitivity.org/cog/sdm/raw/nc_atl_birds_dens/LTDU_fall.tif,3
nc_atl_birds_dens,Atlantic,LTDU,spring,n_per_km2,https://file.marinesensitivity.org/cog/sdm/raw/nc_atl_birds_dens/LTDU_spring.tif,1
nc_atl_birds_dens,Atlantic,LTDU,spring,cv_n_per_km2,https://file.marinesensitivity.org/cog/sdm/raw/nc_atl_birds_dens/LTDU_spring.tif,2
nc_atl_birds_dens,Atlantic,LTDU,spring,ci90_n_per_km2,https://file.marinesensitivity.org/cog/sdm/raw/nc_atl_birds_dens/LTDU_spring.tif,3
nc_atl_birds_dens,Atlantic,LTDU,winter,n_per_km2,https://file.marinesensitivity.org/cog/sdm/raw/nc_atl_birds_dens/LTDU_winter.tif,1
nc_atl_birds_dens,Atlantic,LTDU,winter,cv_n_per_km2,https://file.marinesensitivity.org/cog/sdm/raw/nc_atl_birds_dens/LTDU_winter.tif,2
nc_atl_birds_dens,Atlantic,LTDU,winter,ci90_n_per_km2,https://file.marinesensitivity.org/cog/sdm/raw/nc_atl_birds_dens/LTDU_winter.tif,3
nc_atl_birds_dens,Atlantic,MASH,fall,n_per_km2,https://file.marinesensitivity.org/cog/sdm/raw/nc_atl_birds_dens/MASH_fall.tif,1
nc_atl_birds_dens,Atlantic,MASH,fall,cv_n_per_km2,https://file.marinesensitivity.org/cog/sdm/raw/nc_atl_birds_dens/MASH_fall.tif,2
nc_atl_birds_dens,Atlantic,MASH,fall,ci90_n_per_km2,https://file.marinesensitivity.org/cog/sdm/raw/nc_atl_birds_dens/MASH_fall.tif,3
nc_atl_birds_dens,Atlantic,MASH,spring,n_per_km2,https://file.marinesensitivity.org/cog/sdm/raw/nc_atl_birds_dens/MASH_spring.tif,1
nc_atl_birds_dens,Atlantic,MASH,spring,cv_n_per_km2,https://file.marinesensitivity.org/cog/sdm/raw/nc_atl_birds_dens/MASH_spring.tif,2
nc_atl_birds_dens,Atlantic,MASH,spring,ci90_n_per_km2,https://file.marinesensitivity.org/cog/sdm/raw/nc_atl_birds_dens/MASH_spring.tif,3
nc_atl_birds_dens,Atlantic,MASH,summer,n_per_km2,https://file.marinesensitivity.org/cog/sdm/raw/nc_atl_birds_dens/MASH_summer.tif,1
nc_atl_birds_dens,Atlantic,MASH,summer,cv_n_per_km2,https://file.marinesensitivity.org/cog/sdm/raw/nc_atl_birds_dens/MASH_summer.tif,2
nc_atl_birds_dens,Atlantic,MASH,summer,ci90_n_per_km2,https://file.marinesensitivity.org/cog/sdm/raw/nc_atl_birds_dens/MASH_summer.tif,3
nc_atl_birds_dens,Atlantic,NOFU,fall,n_per_km2,https://file.marinesensitivity.org/cog/sdm/raw/nc_atl_birds_dens/NOFU_fall.tif,1
nc_atl_birds_dens,Atlantic,NOFU,fall,cv_n_per_km2,https://file.marinesensitivity.org/cog/sdm/raw/nc_atl_birds_dens/NOFU_fall.tif,2
nc_atl_birds_dens,Atlantic,NOFU,fall,ci90_n_per_km2,https://file.marinesensitivity.org/cog/sdm/raw/nc_atl_birds_dens/NOFU_fall.tif,3
nc_atl_birds_dens,Atlantic,NOFU,spring,n_per_km2,https://file.marinesensitivity.org/cog/sdm/raw/nc_atl_birds_dens/NOFU_spring.tif,1
nc_atl_birds_dens,Atlantic,NOFU,spring,cv_n_per_km2,https://file.marinesensitivity.org/cog/sdm/raw/nc_atl_birds_dens/NOFU_spring.tif,2
nc_atl_birds_dens,Atlantic,NOFU,spring,ci90_n_per_km2,https://file.marinesensitivity.org/cog/sdm/raw/nc_atl_birds_dens/NOFU_spring.tif,3
nc_atl_birds_dens,Atlantic,NOFU,summer,n_per_km2,https://file.marinesensitivity.org/cog/sdm/raw/nc_atl_birds_dens/NOFU_summer.tif,1
nc_atl_birds_dens,Atlantic,NOFU,summer,cv_n_per_km2,https://file.marinesensitivity.org/cog/sdm/raw/nc_atl_birds_dens/NOFU_summer.tif,2
nc_atl_birds_dens,Atlantic,NOFU,summer,ci90_n_per_km2,https://file.marinesensitivity.org/cog/sdm/raw/nc_atl_birds_dens/NOFU_summer.tif,3
nc_atl_birds_dens,Atlantic,NOFU,winter,n_per_km2,https://file.marinesensitivity.org/cog/sdm/raw/nc_atl_birds_dens/NOFU_winter.tif,1
nc_atl_birds_dens,Atlantic,NOFU,winter,cv_n_per_km2,https://file.marinesensitivity.org/cog/sdm/raw/nc_atl_birds_dens/NOFU_winter.tif,2
nc_atl_birds_dens,Atlantic,NOFU,winter,ci90_n_per_km2,https://file.marinesensitivity.org/cog/sdm/raw/nc_atl_birds_dens/NOFU_winter.tif,3
nc_atl_birds_dens,Atlantic,NOGA,fall,n_per_km2,https://file.marinesensitivity.org/cog/sdm/raw/nc_atl_birds_dens/NOGA_fall.tif,1
nc_atl_birds_dens,Atlantic,NOGA,fall,cv_n_per_km2,https://file.marinesensitivity.org/cog/sdm/raw/nc_atl_birds_dens/NOGA_fall.tif,2
nc_atl_birds_dens,Atlantic,NOGA,fall,ci90_n_per_km2,https://file.marinesensitivity.org/cog/sdm/raw/nc_atl_birds_dens/NOGA_fall.tif,3
nc_atl_birds_dens,Atlantic,NOGA,spring,n_per_km2,https://file.marinesensitivity.org/cog/sdm/raw/nc_atl_birds_dens/NOGA_spring.tif,1
nc_atl_birds_dens,Atlantic,NOGA,spring,cv_n_per_km2,https://file.marinesensitivity.org/cog/sdm/raw/nc_atl_birds_dens/NOGA_spring.tif,2
nc_atl_birds_dens,Atlantic,NOGA,spring,ci90_n_per_km2,https://file.marinesensitivity.org/cog/sdm/raw/nc_atl_birds_dens/NOGA_spring.tif,3
nc_atl_birds_dens,Atlantic,NOGA,summer,n_per_km2,https://file.marinesensitivity.org/cog/sdm/raw/nc_atl_birds_dens/NOGA_summer.tif,1
nc_atl_birds_dens,Atlantic,NOGA,summer,cv_n_per_km2,https://file.marinesensitivity.org/cog/sdm/raw/nc_atl_birds_dens/NOGA_summer.tif,2
nc_atl_birds_dens,Atlantic,NOGA,summer,ci90_n_per_km2,https://file.marinesensitivity.org/cog/sdm/raw/nc_atl_birds_dens/NOGA_summer.tif,3
nc_atl_birds_dens,Atlantic,NOGA,winter,n_per_km2,https://file.marinesensitivity.org/cog/sdm/raw/nc_atl_birds_dens/NOGA_winter.tif,1
nc_atl_birds_dens,Atlantic,NOGA,winter,cv_n_per_km2,https://file.marinesensitivity.org/cog/sdm/raw/nc_atl_birds_dens/NOGA_winter.tif,2
nc_atl_birds_dens,Atlantic,NOGA,winter,ci90_n_per_km2,https://file.marinesensitivity.org/cog/sdm/raw/nc_atl_birds_dens/NOGA_winter.tif,3
nc_atl_birds_dens,Atlantic,PAJA,fall,n_per_km2,https://file.marinesensitivity.org/cog/sdm/raw/nc_atl_birds_dens/PAJA_fall.tif,1
nc_atl_birds_dens,Atlantic,PAJA,fall,cv_n_per_km2,https://file.marinesensitivity.org/cog/sdm/raw/nc_atl_birds_dens/PAJA_fall.tif,2
nc_atl_birds_dens,Atlantic,PAJA,fall,ci90_n_per_km2,https://file.marinesensitivity.org/cog/sdm/raw/nc_atl_birds_dens/PAJA_fall.tif,3
nc_atl_birds_dens,Atlantic,PAJA,spring,n_per_km2,https://file.marinesensitivity.org/cog/sdm/raw/nc_atl_birds_dens/PAJA_spring.tif,1
nc_atl_birds_dens,Atlantic,PAJA,spring,cv_n_per_km2,https://file.marinesensitivity.org/cog/sdm/raw/nc_atl_birds_dens/PAJA_spring.tif,2
nc_atl_birds_dens,Atlantic,PAJA,spring,ci90_n_per_km2,https://file.marinesensitivity.org/cog/sdm/raw/nc_atl_birds_dens/PAJA_spring.tif,3
nc_atl_birds_dens,Atlantic,PAJA,summer,n_per_km2,https://file.marinesensitivity.org/cog/sdm/raw/nc_atl_birds_dens/PAJA_summer.tif,1
nc_atl_birds_dens,Atlantic,PAJA,summer,cv_n_per_km2,https://file.marinesensitivity.org/cog/sdm/raw/nc_atl_birds_dens/PAJA_summer.tif,2
nc_atl_birds_dens,Atlantic,PAJA,summer,ci90_n_per_km2,https://file.marinesensitivity.org/cog/sdm/raw/nc_atl_birds_dens/PAJA_summer.tif,3
nc_atl_birds_dens,Atlantic,POJA,fall,n_per_km2,https://file.marinesensitivity.org/cog/sdm/raw/nc_atl_birds_dens/POJA_fall.tif,1
nc_atl_birds_dens,Atlantic,POJA,fall,cv_n_per_km2,https://file.marinesensitivity.org/cog/sdm/raw/nc_atl_birds_dens/POJA_fall.tif,2
nc_atl_birds_dens,Atlantic,POJA,fall,ci90_n_per_km2,https://file.marinesensitivity.org/cog/sdm/raw/nc_atl_birds_dens/POJA_fall.tif,3
nc_atl_birds_dens,Atlantic,POJA,spring,n_per_km2,https://file.marinesensitivity.org/cog/sdm/raw/nc_atl_birds_dens/POJA_spring.tif,1
nc_atl_birds_dens,Atlantic,POJA,spring,cv_n_per_km2,https://file.marinesensitivity.org/cog/sdm/raw/nc_atl_birds_dens/POJA_spring.tif,2
nc_atl_birds_dens,Atlantic,POJA,spring,ci90_n_per_km2,https://file.marinesensitivity.org/cog/sdm/raw/nc_atl_birds_dens/POJA_spring.tif,3
nc_atl_birds_dens,Atlantic,POJA,summer,n_per_km2,https://file.marinesensitivity.org/cog/sdm/raw/nc_atl_birds_dens/POJA_summer.tif,1
nc_atl_birds_dens,Atlantic,POJA,summer,cv_n_per_km2,https://file.marinesensitivity.org/cog/sdm/raw/nc_atl_birds_dens/POJA_summer.tif,2
nc_atl_birds_dens,Atlantic,POJA,summer,ci90_n_per_km2,https://file.marinesensitivity.org/cog/sdm/raw/nc_atl_birds_dens/POJA_summer.tif,3
nc_atl_birds_dens,Atlantic,RAZO,fall,n_per_km2,https://file.marinesensitivity.org/cog/sdm/raw/nc_atl_birds_dens/RAZO_fall.tif,1
nc_atl_birds_dens,Atlantic,RAZO,fall,cv_n_per_km2,https://file.marinesensitivity.org/cog/sdm/raw/nc_atl_birds_dens/RAZO_fall.tif,2
nc_atl_birds_dens,Atlantic,RAZO,fall,ci90_n_per_km2,https://file.marinesensitivity.org/cog/sdm/raw/nc_atl_birds_dens/RAZO_fall.tif,3
nc_atl_birds_dens,Atlantic,RAZO,spring,n_per_km2,https://file.marinesensitivity.org/cog/sdm/raw/nc_atl_birds_dens/RAZO_spring.tif,1
nc_atl_birds_dens,Atlantic,RAZO,spring,cv_n_per_km2,https://file.marinesensitivity.org/cog/sdm/raw/nc_atl_birds_dens/RAZO_spring.tif,2
nc_atl_birds_dens,Atlantic,RAZO,spring,ci90_n_per_km2,https://file.marinesensitivity.org/cog/sdm/raw/nc_atl_birds_dens/RAZO_spring.tif,3
nc_atl_birds_dens,Atlantic,RAZO,summer,n_per_km2,https://file.marinesensitivity.org/cog/sdm/raw/nc_atl_birds_dens/RAZO_summer.tif,1
nc_atl_birds_dens,Atlantic,RAZO,summer,cv_n_per_km2,https://file.marinesensitivity.org/cog/sdm/raw/nc_atl_birds_dens/RAZO_summer.tif,2
nc_atl_birds_dens,Atlantic,RAZO,summer,ci90_n_per_km2,https://file.marinesensitivity.org/cog/sdm/raw/nc_atl_birds_dens/RAZO_summer.tif,3
nc_atl_birds_dens,Atlantic,RAZO,winter,n_per_km2,https://file.marinesensitivity.org/cog/sdm/raw/nc_atl_birds_dens/RAZO_winter.tif,1
nc_atl_birds_dens,Atlantic,RAZO,winter,cv_n_per_km2,https://file.marinesensitivity.org/cog/sdm/raw/nc_atl_birds_dens/RAZO_winter.tif,2
nc_atl_birds_dens,Atlantic,RAZO,winter,ci90_n_per_km2,https://file.marinesensitivity.org/cog/sdm/raw/nc_atl_birds_dens/RAZO_winter.tif,3
nc_atl_birds_dens,Atlantic,RBGU,fall,n_per_km2,https://file.marinesensitivity.org/cog/sdm/raw/nc_atl_birds_dens/RBGU_fall.tif,1
nc_atl_birds_dens,Atlantic,RBGU,fall,cv_n_per_km2,https://file.marinesensitivity.org/cog/sdm/raw/nc_atl_birds_dens/RBGU_fall.tif,2
nc_atl_birds_dens,Atlantic,RBGU,fall,ci90_n_per_km2,https://file.marinesensitivity.org/cog/sdm/raw/nc_atl_birds_dens/RBGU_fall.tif,3
nc_atl_birds_dens,Atlantic,RBGU,spring,n_per_km2,https://file.marinesensitivity.org/cog/sdm/raw/nc_atl_birds_dens/RBGU_spring.tif,1
nc_atl_birds_dens,Atlantic,RBGU,spring,cv_n_per_km2,https://file.marinesensitivity.org/cog/sdm/raw/nc_atl_birds_dens/RBGU_spring.tif,2
nc_atl_birds_dens,Atlantic,RBGU,spring,ci90_n_per_km2,https://file.marinesensitivity.org/cog/sdm/raw/nc_atl_birds_dens/RBGU_spring.tif,3
nc_atl_birds_dens,Atlantic,RBGU,summer,n_per_km2,https://file.marinesensitivity.org/cog/sdm/raw/nc_atl_birds_dens/RBGU_summer.tif,1
nc_atl_birds_dens,Atlantic,RBGU,summer,cv_n_per_km2,https://file.marinesensitivity.org/cog/sdm/raw/nc_atl_birds_dens/RBGU_summer.tif,2
nc_atl_birds_dens,Atlantic,RBGU,summer,ci90_n_per_km2,https://file.marinesensitivity.org/cog/sdm/raw/nc_atl_birds_dens/RBGU_summer.tif,3
nc_atl_birds_dens,Atlantic,RBGU,winter,n_per_km2,https://file.marinesensitivity.org/cog/sdm/raw/nc_atl_birds_dens/RBGU_winter.tif,1
nc_atl_birds_dens,Atlantic,RBGU,winter,cv_n_per_km2,https://file.marinesensitivity.org/cog/sdm/raw/nc_atl_birds_dens/RBGU_winter.tif,2
nc_atl_birds_dens,Atlantic,RBGU,winter,ci90_n_per_km2,https://file.marinesensitivity.org/cog/sdm/raw/nc_atl_birds_dens/RBGU_winter.tif,3
nc_atl_birds_dens,Atlantic,RBME,spring,n_per_km2,https://file.marinesensitivity.org/cog/sdm/raw/nc_atl_birds_dens/RBME_spring.tif,1
nc_atl_birds_dens,Atlantic,RBME,spring,cv_n_per_km2,https://file.marinesensitivity.org/cog/sdm/raw/nc_atl_birds_dens/RBME_spring.tif,2
nc_atl_birds_dens,Atlantic,RBME,spring,ci90_n_per_km2,https://file.marinesensitivity.org/cog/sdm/raw/nc_atl_birds_dens/RBME_spring.tif,3
nc_atl_birds_dens,Atlantic,RBME,winter,n_per_km2,https://file.marinesensitivity.org/cog/sdm/raw/nc_atl_birds_dens/RBME_winter.tif,1
nc_atl_birds_dens,Atlantic,RBME,winter,cv_n_per_km2,https://file.marinesensitivity.org/cog/sdm/raw/nc_atl_birds_dens/RBME_winter.tif,2
nc_atl_birds_dens,Atlantic,RBME,winter,ci90_n_per_km2,https://file.marinesensitivity.org/cog/sdm/raw/nc_atl_birds_dens/RBME_winter.tif,3
nc_atl_birds_dens,Atlantic,REPH,fall,n_per_km2,https://file.marinesensitivity.org/cog/sdm/raw/nc_atl_birds_dens/REPH_fall.tif,1
nc_atl_birds_dens,Atlantic,REPH,fall,cv_n_per_km2,https://file.marinesensitivity.org/cog/sdm/raw/nc_atl_birds_dens/REPH_fall.tif,2
nc_atl_birds_dens,Atlantic,REPH,fall,ci90_n_per_km2,https://file.marinesensitivity.org/cog/sdm/raw/nc_atl_birds_dens/REPH_fall.tif,3
nc_atl_birds_dens,Atlantic,REPH,spring,n_per_km2,https://file.marinesensitivity.org/cog/sdm/raw/nc_atl_birds_dens/REPH_spring.tif,1
nc_atl_birds_dens,Atlantic,REPH,spring,cv_n_per_km2,https://file.marinesensitivity.org/cog/sdm/raw/nc_atl_birds_dens/REPH_spring.tif,2
nc_atl_birds_dens,Atlantic,REPH,spring,ci90_n_per_km2,https://file.marinesensitivity.org/cog/sdm/raw/nc_atl_birds_dens/REPH_spring.tif,3
nc_atl_birds_dens,Atlantic,REPH,summer,n_per_km2,https://file.marinesensitivity.org/cog/sdm/raw/nc_atl_birds_dens/REPH_summer.tif,1
nc_atl_birds_dens,Atlantic,REPH,summer,cv_n_per_km2,https://file.marinesensitivity.org/cog/sdm/raw/nc_atl_birds_dens/REPH_summer.tif,2
nc_atl_birds_dens,Atlantic,REPH,summer,ci90_n_per_km2,https://file.marinesensitivity.org/cog/sdm/raw/nc_atl_birds_dens/REPH_summer.tif,3
nc_atl_birds_dens,Atlantic,RNPH,fall,n_per_km2,https://file.marinesensitivity.org/cog/sdm/raw/nc_atl_birds_dens/RNPH_fall.tif,1
nc_atl_birds_dens,Atlantic,RNPH,fall,cv_n_per_km2,https://file.marinesensitivity.org/cog/sdm/raw/nc_atl_birds_dens/RNPH_fall.tif,2
nc_atl_birds_dens,Atlantic,RNPH,fall,ci90_n_per_km2,https://file.marinesensitivity.org/cog/sdm/raw/nc_atl_birds_dens/RNPH_fall.tif,3
nc_atl_birds_dens,Atlantic,RNPH,spring,n_per_km2,https://file.marinesensitivity.org/cog/sdm/raw/nc_atl_birds_dens/RNPH_spring.tif,1
nc_atl_birds_dens,Atlantic,RNPH,spring,cv_n_per_km2,https://file.marinesensitivity.org/cog/sdm/raw/nc_atl_birds_dens/RNPH_spring.tif,2
nc_atl_birds_dens,Atlantic,RNPH,spring,ci90_n_per_km2,https://file.marinesensitivity.org/cog/sdm/raw/nc_atl_birds_dens/RNPH_spring.tif,3
nc_atl_birds_dens,Atlantic,RNPH,summer,n_per_km2,https://file.marinesensitivity.org/cog/sdm/raw/nc_atl_birds_dens/RNPH_summer.tif,1
nc_atl_birds_dens,Atlantic,RNPH,summer,cv_n_per_km2,https://file.marinesensitivity.org/cog/sdm/raw/nc_atl_birds_dens/RNPH_summer.tif,2
nc_atl_birds_dens,Atlantic,RNPH,summer,ci90_n_per_km2,https://file.marinesensitivity.org/cog/sdm/raw/nc_atl_birds_dens/RNPH_summer.tif,3
nc_atl_birds_dens,Atlantic,ROST,fall,n_per_km2,https://file.marinesensitivity.org/cog/sdm/raw/nc_atl_birds_dens/ROST_fall.tif,1
nc_atl_birds_dens,Atlantic,ROST,fall,cv_n_per_km2,https://file.marinesensitivity.org/cog/sdm/raw/nc_atl_birds_dens/ROST_fall.tif,2
nc_atl_birds_dens,Atlantic,ROST,fall,ci90_n_per_km2,https://file.marinesensitivity.org/cog/sdm/raw/nc_atl_birds_dens/ROST_fall.tif,3
nc_atl_birds_dens,Atlantic,ROST,spring,n_per_km2,https://file.marinesensitivity.org/cog/sdm/raw/nc_atl_birds_dens/ROST_spring.tif,1
nc_atl_birds_dens,Atlantic,ROST,spring,cv_n_per_km2,https://file.marinesensitivity.org/cog/sdm/raw/nc_atl_birds_dens/ROST_spring.tif,2
nc_atl_birds_dens,Atlantic,ROST,spring,ci90_n_per_km2,https://file.marinesensitivity.org/cog/sdm/raw/nc_atl_birds_dens/ROST_spring.tif,3
nc_atl_birds_dens,Atlantic,ROST,summer,n_per_km2,https://file.marinesensitivity.org/cog/sdm/raw/nc_atl_birds_dens/ROST_summer.tif,1
nc_atl_birds_dens,Atlantic,ROST,summer,cv_n_per_km2,https://file.marinesensitivity.org/cog/sdm/raw/nc_atl_birds_dens/ROST_summer.tif,2
nc_atl_birds_dens,Atlantic,ROST,summer,ci90_n_per_km2,https://file.marinesensitivity.org/cog/sdm/raw/nc_atl_birds_dens/ROST_summer.tif,3
nc_atl_birds_dens,Atlantic,ROYT,fall,n_per_km2,https://file.marinesensitivity.org/cog/sdm/raw/nc_atl_birds_dens/ROYT_fall.tif,1
nc_atl_birds_dens,Atlantic,ROYT,fall,cv_n_per_km2,https://file.marinesensitivity.org/cog/sdm/raw/nc_atl_birds_dens/ROYT_fall.tif,2
nc_atl_birds_dens,Atlantic,ROYT,fall,ci90_n_per_km2,https://file.marinesensitivity.org/cog/sdm/raw/nc_atl_birds_dens/ROYT_fall.tif,3
nc_atl_birds_dens,Atlantic,ROYT,spring,n_per_km2,https://file.marinesensitivity.org/cog/sdm/raw/nc_atl_birds_dens/ROYT_spring.tif,1
nc_atl_birds_dens,Atlantic,ROYT,spring,cv_n_per_km2,https://file.marinesensitivity.org/cog/sdm/raw/nc_atl_birds_dens/ROYT_spring.tif,2
nc_atl_birds_dens,Atlantic,ROYT,spring,ci90_n_per_km2,https://file.marinesensitivity.org/cog/sdm/raw/nc_atl_birds_dens/ROYT_spring.tif,3
nc_atl_birds_dens,Atlantic,ROYT,summer,n_per_km2,https://file.marinesensitivity.org/cog/sdm/raw/nc_atl_birds_dens/ROYT_summer.tif,1
nc_atl_birds_dens,Atlantic,ROYT,summer,cv_n_per_km2,https://file.marinesensitivity.org/cog/sdm/raw/nc_atl_birds_dens/ROYT_summer.tif,2
nc_atl_birds_dens,Atlantic,ROYT,summer,ci90_n_per_km2,https://file.marinesensitivity.org/cog/sdm/raw/nc_atl_birds_dens/ROYT_summer.tif,3
nc_atl_birds_dens,Atlantic,RTLO,fall,n_per_km2,https://file.marinesensitivity.org/cog/sdm/raw/nc_atl_birds_dens/RTLO_fall.tif,1
nc_atl_birds_dens,Atlantic,RTLO,fall,cv_n_per_km2,https://file.marinesensitivity.org/cog/sdm/raw/nc_atl_birds_dens/RTLO_fall.tif,2
nc_atl_birds_dens,Atlantic,RTLO,fall,ci90_n_per_km2,https://file.marinesensitivity.org/cog/sdm/raw/nc_atl_birds_dens/RTLO_fall.tif,3
nc_atl_birds_dens,Atlantic,RTLO,spring,n_per_km2,https://file.marinesensitivity.org/cog/sdm/raw/nc_atl_birds_dens/RTLO_spring.tif,1
nc_atl_birds_dens,Atlantic,RTLO,spring,cv_n_per_km2,https://file.marinesensitivity.org/cog/sdm/raw/nc_atl_birds_dens/RTLO_spring.tif,2
nc_atl_birds_dens,Atlantic,RTLO,spring,ci90_n_per_km2,https://file.marinesensitivity.org/cog/sdm/raw/nc_atl_birds_dens/RTLO_spring.tif,3
nc_atl_birds_dens,Atlantic,RTLO,winter,n_per_km2,https://file.marinesensitivity.org/cog/sdm/raw/nc_atl_birds_dens/RTLO_winter.tif,1
nc_atl_birds_dens,Atlantic,RTLO,winter,cv_n_per_km2,https://file.marinesensitivity.org/cog/sdm/raw/nc_atl_birds_dens/RTLO_winter.tif,2
nc_atl_birds_dens,Atlantic,RTLO,winter,ci90_n_per_km2,https://file.marinesensitivity.org/cog/sdm/raw/nc_atl_birds_dens/RTLO_winter.tif,3
nc_atl_birds_dens,Atlantic,SOSH,fall,n_per_km2,https://file.marinesensitivity.org/cog/sdm/raw/nc_atl_birds_dens/SOSH_fall.tif,1
nc_atl_birds_dens,Atlantic,SOSH,fall,cv_n_per_km2,https://file.marinesensitivity.org/cog/sdm/raw/nc_atl_birds_dens/SOSH_fall.tif,2
nc_atl_birds_dens,Atlantic,SOSH,fall,ci90_n_per_km2,https://file.marinesensitivity.org/cog/sdm/raw/nc_atl_birds_dens/SOSH_fall.tif,3
nc_atl_birds_dens,Atlantic,SOSH,spring,n_per_km2,https://file.marinesensitivity.org/cog/sdm/raw/nc_atl_birds_dens/SOSH_spring.tif,1
nc_atl_birds_dens,Atlantic,SOSH,spring,cv_n_per_km2,https://file.marinesensitivity.org/cog/sdm/raw/nc_atl_birds_dens/SOSH_spring.tif,2
nc_atl_birds_dens,Atlantic,SOSH,spring,ci90_n_per_km2,https://file.marinesensitivity.org/cog/sdm/raw/nc_atl_birds_dens/SOSH_spring.tif,3
nc_atl_birds_dens,Atlantic,SOSH,summer,n_per_km2,https://file.marinesensitivity.org/cog/sdm/raw/nc_atl_birds_dens/SOSH_summer.tif,1
nc_atl_birds_dens,Atlantic,SOSH,summer,cv_n_per_km2,https://file.marinesensitivity.org/cog/sdm/raw/nc_atl_birds_dens/SOSH_summer.tif,2
nc_atl_birds_dens,Atlantic,SOSH,summer,ci90_n_per_km2,https://file.marinesensitivity.org/cog/sdm/raw/nc_atl_birds_dens/SOSH_summer.tif,3
nc_atl_birds_dens,Atlantic,SOTE,spring,n_per_km2,https://file.marinesensitivity.org/cog/sdm/raw/nc_atl_birds_dens/SOTE_spring.tif,1
nc_atl_birds_dens,Atlantic,SOTE,spring,cv_n_per_km2,https://file.marinesensitivity.org/cog/sdm/raw/nc_atl_birds_dens/SOTE_spring.tif,2
nc_atl_birds_dens,Atlantic,SOTE,spring,ci90_n_per_km2,https://file.marinesensitivity.org/cog/sdm/raw/nc_atl_birds_dens/SOTE_spring.tif,3
nc_atl_birds_dens,Atlantic,SOTE,summer,n_per_km2,https://file.marinesensitivity.org/cog/sdm/raw/nc_atl_birds_dens/SOTE_summer.tif,1
nc_atl_birds_dens,Atlantic,SOTE,summer,cv_n_per_km2,https://file.marinesensitivity.org/cog/sdm/raw/nc_atl_birds_dens/SOTE_summer.tif,2
nc_atl_birds_dens,Atlantic,SOTE,summer,ci90_n_per_km2,https://file.marinesensitivity.org/cog/sdm/raw/nc_atl_birds_dens/SOTE_summer.tif,3
nc_atl_birds_dens,Atlantic,SPSK,fall,n_per_km2,https://file.marinesensitivity.org/cog/sdm/raw/nc_atl_birds_dens/SPSK_fall.tif,1
nc_atl_birds_dens,Atlantic,SPSK,fall,cv_n_per_km2,https://file.marinesensitivity.org/cog/sdm/raw/nc_atl_birds_dens/SPSK_fall.tif,2
nc_atl_birds_dens,Atlantic,SPSK,fall,ci90_n_per_km2,https://file.marinesensitivity.org/cog/sdm/raw/nc_atl_birds_dens/SPSK_fall.tif,3
nc_atl_birds_dens,Atlantic,SPSK,summer,n_per_km2,https://file.marinesensitivity.org/cog/sdm/raw/nc_atl_birds_dens/SPSK_summer.tif,1
nc_atl_birds_dens,Atlantic,SPSK,summer,cv_n_per_km2,https://file.marinesensitivity.org/cog/sdm/raw/nc_atl_birds_dens/SPSK_summer.tif,2
nc_atl_birds_dens,Atlantic,SPSK,summer,ci90_n_per_km2,https://file.marinesensitivity.org/cog/sdm/raw/nc_atl_birds_dens/SPSK_summer.tif,3
nc_atl_birds_dens,Atlantic,SUSC,fall,n_per_km2,https://file.marinesensitivity.org/cog/sdm/raw/nc_atl_birds_dens/SUSC_fall.tif,1
nc_atl_birds_dens,Atlantic,SUSC,fall,cv_n_per_km2,https://file.marinesensitivity.org/cog/sdm/raw/nc_atl_birds_dens/SUSC_fall.tif,2
nc_atl_birds_dens,Atlantic,SUSC,fall,ci90_n_per_km2,https://file.marinesensitivity.org/cog/sdm/raw/nc_atl_birds_dens/SUSC_fall.tif,3
nc_atl_birds_dens,Atlantic,SUSC,spring,n_per_km2,https://file.marinesensitivity.org/cog/sdm/raw/nc_atl_birds_dens/SUSC_spring.tif,1
nc_atl_birds_dens,Atlantic,SUSC,spring,cv_n_per_km2,https://file.marinesensitivity.org/cog/sdm/raw/nc_atl_birds_dens/SUSC_spring.tif,2
nc_atl_birds_dens,Atlantic,SUSC,spring,ci90_n_per_km2,https://file.marinesensitivity.org/cog/sdm/raw/nc_atl_birds_dens/SUSC_spring.tif,3
nc_atl_birds_dens,Atlantic,SUSC,winter,n_per_km2,https://file.marinesensitivity.org/cog/sdm/raw/nc_atl_birds_dens/SUSC_winter.tif,1
nc_atl_birds_dens,Atlantic,SUSC,winter,cv_n_per_km2,https://file.marinesensitivity.org/cog/sdm/raw/nc_atl_birds_dens/SUSC_winter.tif,2
nc_atl_birds_dens,Atlantic,SUSC,winter,ci90_n_per_km2,https://file.marinesensitivity.org/cog/sdm/raw/nc_atl_birds_dens/SUSC_winter.tif,3
nc_atl_birds_dens,Atlantic,TBMU,spring,n_per_km2,https://file.marinesensitivity.org/cog/sdm/raw/nc_atl_birds_dens/TBMU_spring.tif,1
nc_atl_birds_dens,Atlantic,TBMU,spring,cv_n_per_km2,https://file.marinesensitivity.org/cog/sdm/raw/nc_atl_birds_dens/TBMU_spring.tif,2
nc_atl_birds_dens,Atlantic,TBMU,spring,ci90_n_per_km2,https://file.marinesensitivity.org/cog/sdm/raw/nc_atl_birds_dens/TBMU_spring.tif,3
nc_atl_birds_dens,Atlantic,TBMU,winter,n_per_km2,https://file.marinesensitivity.org/cog/sdm/raw/nc_atl_birds_dens/TBMU_winter.tif,1
nc_atl_birds_dens,Atlantic,TBMU,winter,cv_n_per_km2,https://file.marinesensitivity.org/cog/sdm/raw/nc_atl_birds_dens/TBMU_winter.tif,2
nc_atl_birds_dens,Atlantic,TBMU,winter,ci90_n_per_km2,https://file.marinesensitivity.org/cog/sdm/raw/nc_atl_birds_dens/TBMU_winter.tif,3
nc_atl_birds_dens,Atlantic,WISP,fall,n_per_km2,https://file.marinesensitivity.org/cog/sdm/raw/nc_atl_birds_dens/WISP_fall.tif,1
nc_atl_birds_dens,Atlantic,WISP,fall,cv_n_per_km2,https://file.marinesensitivity.org/cog/sdm/raw/nc_atl_birds_dens/WISP_fall.tif,2
nc_atl_birds_dens,Atlantic,WISP,fall,ci90_n_per_km2,https://file.marinesensitivity.org/cog/sdm/raw/nc_atl_birds_dens/WISP_fall.tif,3
nc_atl_birds_dens,Atlantic,WISP,spring,n_per_km2,https://file.marinesensitivity.org/cog/sdm/raw/nc_atl_birds_dens/WISP_spring.tif,1
nc_atl_birds_dens,Atlantic,WISP,spring,cv_n_per_km2,https://file.marinesensitivity.org/cog/sdm/raw/nc_atl_birds_dens/WISP_spring.tif,2
nc_atl_birds_dens,Atlantic,WISP,spring,ci90_n_per_km2,https://file.marinesensitivity.org/cog/sdm/raw/nc_atl_birds_dens/WISP_spring.tif,3
nc_atl_birds_dens,Atlantic,WISP,summer,n_per_km2,https://file.marinesensitivity.org/cog/sdm/raw/nc_atl_birds_dens/WISP_summer.tif,1
nc_atl_birds_dens,Atlantic,WISP,summer,cv_n_per_km2,https://file.marinesensitivity.org/cog/sdm/raw/nc_atl_birds_dens/WISP_summer.tif,2
nc_atl_birds_dens,Atlantic,WISP,summer,ci90_n_per_km2,https://file.marinesensitivity.org/cog/sdm/raw/nc_atl_birds_dens/WISP_summer.tif,3
nc_atl_birds_dens,Atlantic,WWSC,fall,n_per_km2,https://file.marinesensitivity.org/cog/sdm/raw/nc_atl_birds_dens/WWSC_fall.tif,1
nc_atl_birds_dens,Atlantic,WWSC,fall,cv_n_per_km2,https://file.marinesensitivity.org/cog/sdm/raw/nc_atl_birds_dens/WWSC_fall.tif,2
nc_atl_birds_dens,Atlantic,WWSC,fall,ci90_n_per_km2,https://file.marinesensitivity.org/cog/sdm/raw/nc_atl_birds_dens/WWSC_fall.tif,3
nc_atl_birds_dens,Atlantic,WWSC,spring,n_per_km2,https://file.marinesensitivity.org/cog/sdm/raw/nc_atl_birds_dens/WWSC_spring.tif,1
nc_atl_birds_dens,Atlantic,WWSC,spring,cv_n_per_km2,https://file.marinesensitivity.org/cog/sdm/raw/nc_atl_birds_dens/WWSC_spring.tif,2
nc_atl_birds_dens,Atlantic,WWSC,spring,ci90_n_per_km2,https://file.marinesensitivity.org/cog/sdm/raw/nc_atl_birds_dens/WWSC_spring.tif,3
nc_atl_birds_dens,Atlantic,WWSC,winter,n_per_km2,https://file.marinesensitivity.org/cog/sdm/raw/nc_atl_birds_dens/WWSC_winter.tif,1
nc_atl_birds_dens,Atlantic,WWSC,winter,cv_n_per_km2,https://file.marinesensitivity.org/cog/sdm/raw/nc_atl_birds_dens/WWSC_winter.tif,2
nc_atl_birds_dens,Atlantic,WWSC,winter,ci90_n_per_km2,https://file.marinesensitivity.org/cog/sdm/raw/nc_atl_birds_dens/WWSC_winter.tif,3
nc_pac_birds_dens,Pacific,ANMU,spring,n_per_km2,https://file.marinesensitivity.org/cog/sdm/raw/nc_pac_birds_dens/ANMU_spring.tif,1
nc_pac_birds_dens,Pacific,ANMU,spring,cv_n_per_km2,https://file.marinesensitivity.org/cog/sdm/raw/nc_pac_birds_dens/ANMU_spring.tif,2
nc_pac_birds_dens,Pacific,ASSP,fall,n_per_km2,https://file.marinesensitivity.org/cog/sdm/raw/nc_pac_birds_dens/ASSP_fall.tif,1
nc_pac_birds_dens,Pacific,ASSP,fall,cv_n_per_km2,https://file.marinesensitivity.org/cog/sdm/raw/nc_pac_birds_dens/ASSP_fall.tif,2
nc_pac_birds_dens,Pacific,ASSP,spring,n_per_km2,https://file.marinesensitivity.org/cog/sdm/raw/nc_pac_birds_dens/ASSP_spring.tif,1
nc_pac_birds_dens,Pacific,ASSP,spring,cv_n_per_km2,https://file.marinesensitivity.org/cog/sdm/raw/nc_pac_birds_dens/ASSP_spring.tif,2
nc_pac_birds_dens,Pacific,ASSP,summer,n_per_km2,https://file.marinesensitivity.org/cog/sdm/raw/nc_pac_birds_dens/ASSP_summer.tif,1
nc_pac_birds_dens,Pacific,ASSP,summer,cv_n_per_km2,https://file.marinesensitivity.org/cog/sdm/raw/nc_pac_birds_dens/ASSP_summer.tif,2
nc_pac_birds_dens,Pacific,BFAL,fall,n_per_km2,https://file.marinesensitivity.org/cog/sdm/raw/nc_pac_birds_dens/BFAL_fall.tif,1
nc_pac_birds_dens,Pacific,BFAL,fall,cv_n_per_km2,https://file.marinesensitivity.org/cog/sdm/raw/nc_pac_birds_dens/BFAL_fall.tif,2
nc_pac_birds_dens,Pacific,BFAL,spring,n_per_km2,https://file.marinesensitivity.org/cog/sdm/raw/nc_pac_birds_dens/BFAL_spring.tif,1
nc_pac_birds_dens,Pacific,BFAL,spring,cv_n_per_km2,https://file.marinesensitivity.org/cog/sdm/raw/nc_pac_birds_dens/BFAL_spring.tif,2
nc_pac_birds_dens,Pacific,BFAL,summer,n_per_km2,https://file.marinesensitivity.org/cog/sdm/raw/nc_pac_birds_dens/BFAL_summer.tif,1
nc_pac_birds_dens,Pacific,BFAL,summer,cv_n_per_km2,https://file.marinesensitivity.org/cog/sdm/raw/nc_pac_birds_dens/BFAL_summer.tif,2
nc_pac_birds_dens,Pacific,BFAL,winter,n_per_km2,https://file.marinesensitivity.org/cog/sdm/raw/nc_pac_birds_dens/BFAL_winter.tif,1
nc_pac_birds_dens,Pacific,BFAL,winter,cv_n_per_km2,https://file.marinesensitivity.org/cog/sdm/raw/nc_pac_birds_dens/BFAL_winter.tif,2
nc_pac_birds_dens,Pacific,BLKI,fall,n_per_km2,https://file.marinesensitivity.org/cog/sdm/raw/nc_pac_birds_dens/BLKI_fall.tif,1
nc_pac_birds_dens,Pacific,BLKI,fall,cv_n_per_km2,https://file.marinesensitivity.org/cog/sdm/raw/nc_pac_birds_dens/BLKI_fall.tif,2
nc_pac_birds_dens,Pacific,BLKI,spring,n_per_km2,https://file.marinesensitivity.org/cog/sdm/raw/nc_pac_birds_dens/BLKI_spring.tif,1
nc_pac_birds_dens,Pacific,BLKI,spring,cv_n_per_km2,https://file.marinesensitivity.org/cog/sdm/raw/nc_pac_birds_dens/BLKI_spring.tif,2
nc_pac_birds_dens,Pacific,BLKI,winter,n_per_km2,https://file.marinesensitivity.org/cog/sdm/raw/nc_pac_birds_dens/BLKI_winter.tif,1
nc_pac_birds_dens,Pacific,BLKI,winter,cv_n_per_km2,https://file.marinesensitivity.org/cog/sdm/raw/nc_pac_birds_dens/BLKI_winter.tif,2
nc_pac_birds_dens,Pacific,BLSP,fall,n_per_km2,https://file.marinesensitivity.org/cog/sdm/raw/nc_pac_birds_dens/BLSP_fall.tif,1
nc_pac_birds_dens,Pacific,BLSP,fall,cv_n_per_km2,https://file.marinesensitivity.org/cog/sdm/raw/nc_pac_birds_dens/BLSP_fall.tif,2
nc_pac_birds_dens,Pacific,BLSP,spring,n_per_km2,https://file.marinesensitivity.org/cog/sdm/raw/nc_pac_birds_dens/BLSP_spring.tif,1
nc_pac_birds_dens,Pacific,BLSP,spring,cv_n_per_km2,https://file.marinesensitivity.org/cog/sdm/raw/nc_pac_birds_dens/BLSP_spring.tif,2
nc_pac_birds_dens,Pacific,BLSP,summer,n_per_km2,https://file.marinesensitivity.org/cog/sdm/raw/nc_pac_birds_dens/BLSP_summer.tif,1
nc_pac_birds_dens,Pacific,BLSP,summer,cv_n_per_km2,https://file.marinesensitivity.org/cog/sdm/raw/nc_pac_birds_dens/BLSP_summer.tif,2
nc_pac_birds_dens,Pacific,BOGU,fall,n_per_km2,https://file.marinesensitivity.org/cog/sdm/raw/nc_pac_birds_dens/BOGU_fall.tif,1
nc_pac_birds_dens,Pacific,BOGU,fall,cv_n_per_km2,https://file.marinesensitivity.org/cog/sdm/raw/nc_pac_birds_dens/BOGU_fall.tif,2
nc_pac_birds_dens,Pacific,BOGU,spring,n_per_km2,https://file.marinesensitivity.org/cog/sdm/raw/nc_pac_birds_dens/BOGU_spring.tif,1
nc_pac_birds_dens,Pacific,BOGU,spring,cv_n_per_km2,https://file.marinesensitivity.org/cog/sdm/raw/nc_pac_birds_dens/BOGU_spring.tif,2
nc_pac_birds_dens,Pacific,BOGU,winter,n_per_km2,https://file.marinesensitivity.org/cog/sdm/raw/nc_pac_birds_dens/BOGU_winter.tif,1
nc_pac_birds_dens,Pacific,BOGU,winter,cv_n_per_km2,https://file.marinesensitivity.org/cog/sdm/raw/nc_pac_birds_dens/BOGU_winter.tif,2
nc_pac_birds_dens,Pacific,BRAC,spring,n_per_km2,https://file.marinesensitivity.org/cog/sdm/raw/nc_pac_birds_dens/BRAC_spring.tif,1
nc_pac_birds_dens,Pacific,BRAC,spring,cv_n_per_km2,https://file.marinesensitivity.org/cog/sdm/raw/nc_pac_birds_dens/BRAC_spring.tif,2
nc_pac_birds_dens,Pacific,BRAC,summer,n_per_km2,https://file.marinesensitivity.org/cog/sdm/raw/nc_pac_birds_dens/BRAC_summer.tif,1
nc_pac_birds_dens,Pacific,BRAC,summer,cv_n_per_km2,https://file.marinesensitivity.org/cog/sdm/raw/nc_pac_birds_dens/BRAC_summer.tif,2
nc_pac_birds_dens,Pacific,BRPE,fall,n_per_km2,https://file.marinesensitivity.org/cog/sdm/raw/nc_pac_birds_dens/BRPE_fall.tif,1
nc_pac_birds_dens,Pacific,BRPE,fall,cv_n_per_km2,https://file.marinesensitivity.org/cog/sdm/raw/nc_pac_birds_dens/BRPE_fall.tif,2
nc_pac_birds_dens,Pacific,BRPE,spring,n_per_km2,https://file.marinesensitivity.org/cog/sdm/raw/nc_pac_birds_dens/BRPE_spring.tif,1
nc_pac_birds_dens,Pacific,BRPE,spring,cv_n_per_km2,https://file.marinesensitivity.org/cog/sdm/raw/nc_pac_birds_dens/BRPE_spring.tif,2
nc_pac_birds_dens,Pacific,BRPE,summer,n_per_km2,https://file.marinesensitivity.org/cog/sdm/raw/nc_pac_birds_dens/BRPE_summer.tif,1
nc_pac_birds_dens,Pacific,BRPE,summer,cv_n_per_km2,https://file.marinesensitivity.org/cog/sdm/raw/nc_pac_birds_dens/BRPE_summer.tif,2
nc_pac_birds_dens,Pacific,BRPE,winter,n_per_km2,https://file.marinesensitivity.org/cog/sdm/raw/nc_pac_birds_dens/BRPE_winter.tif,1
nc_pac_birds_dens,Pacific,BRPE,winter,cv_n_per_km2,https://file.marinesensitivity.org/cog/sdm/raw/nc_pac_birds_dens/BRPE_winter.tif,2
nc_pac_birds_dens,Pacific,BULS,fall,n_per_km2,https://file.marinesensitivity.org/cog/sdm/raw/nc_pac_birds_dens/BULS_fall.tif,1
nc_pac_birds_dens,Pacific,BULS,fall,cv_n_per_km2,https://file.marinesensitivity.org/cog/sdm/raw/nc_pac_birds_dens/BULS_fall.tif,2
nc_pac_birds_dens,Pacific,BULS,summer,n_per_km2,https://file.marinesensitivity.org/cog/sdm/raw/nc_pac_birds_dens/BULS_summer.tif,1
nc_pac_birds_dens,Pacific,BULS,summer,cv_n_per_km2,https://file.marinesensitivity.org/cog/sdm/raw/nc_pac_birds_dens/BULS_summer.tif,2
nc_pac_birds_dens,Pacific,BVSH,fall,n_per_km2,https://file.marinesensitivity.org/cog/sdm/raw/nc_pac_birds_dens/BVSH_fall.tif,1
nc_pac_birds_dens,Pacific,BVSH,fall,cv_n_per_km2,https://file.marinesensitivity.org/cog/sdm/raw/nc_pac_birds_dens/BVSH_fall.tif,2
nc_pac_birds_dens,Pacific,BVSH,spring,n_per_km2,https://file.marinesensitivity.org/cog/sdm/raw/nc_pac_birds_dens/BVSH_spring.tif,1
nc_pac_birds_dens,Pacific,BVSH,spring,cv_n_per_km2,https://file.marinesensitivity.org/cog/sdm/raw/nc_pac_birds_dens/BVSH_spring.tif,2
nc_pac_birds_dens,Pacific,BVSH,winter,n_per_km2,https://file.marinesensitivity.org/cog/sdm/raw/nc_pac_birds_dens/BVSH_winter.tif,1
nc_pac_birds_dens,Pacific,BVSH,winter,cv_n_per_km2,https://file.marinesensitivity.org/cog/sdm/raw/nc_pac_birds_dens/BVSH_winter.tif,2
nc_pac_birds_dens,Pacific,CAAU,fall,n_per_km2,https://file.marinesensitivity.org/cog/sdm/raw/nc_pac_birds_dens/CAAU_fall.tif,1
nc_pac_birds_dens,Pacific,CAAU,fall,cv_n_per_km2,https://file.marinesensitivity.org/cog/sdm/raw/nc_pac_birds_dens/CAAU_fall.tif,2
nc_pac_birds_dens,Pacific,CAAU,spring,n_per_km2,https://file.marinesensitivity.org/cog/sdm/raw/nc_pac_birds_dens/CAAU_spring.tif,1
nc_pac_birds_dens,Pacific,CAAU,spring,cv_n_per_km2,https://file.marinesensitivity.org/cog/sdm/raw/nc_pac_birds_dens/CAAU_spring.tif,2
nc_pac_birds_dens,Pacific,CAAU,summer,n_per_km2,https://file.marinesensitivity.org/cog/sdm/raw/nc_pac_birds_dens/CAAU_summer.tif,1
nc_pac_birds_dens,Pacific,CAAU,summer,cv_n_per_km2,https://file.marinesensitivity.org/cog/sdm/raw/nc_pac_birds_dens/CAAU_summer.tif,2
nc_pac_birds_dens,Pacific,CAAU,winter,n_per_km2,https://file.marinesensitivity.org/cog/sdm/raw/nc_pac_birds_dens/CAAU_winter.tif,1
nc_pac_birds_dens,Pacific,CAAU,winter,cv_n_per_km2,https://file.marinesensitivity.org/cog/sdm/raw/nc_pac_birds_dens/CAAU_winter.tif,2
nc_pac_birds_dens,Pacific,CAGU,fall,n_per_km2,https://file.marinesensitivity.org/cog/sdm/raw/nc_pac_birds_dens/CAGU_fall.tif,1
nc_pac_birds_dens,Pacific,CAGU,fall,cv_n_per_km2,https://file.marinesensitivity.org/cog/sdm/raw/nc_pac_birds_dens/CAGU_fall.tif,2
nc_pac_birds_dens,Pacific,CAGU,spring,n_per_km2,https://file.marinesensitivity.org/cog/sdm/raw/nc_pac_birds_dens/CAGU_spring.tif,1
nc_pac_birds_dens,Pacific,CAGU,spring,cv_n_per_km2,https://file.marinesensitivity.org/cog/sdm/raw/nc_pac_birds_dens/CAGU_spring.tif,2
nc_pac_birds_dens,Pacific,CAGU,summer,n_per_km2,https://file.marinesensitivity.org/cog/sdm/raw/nc_pac_birds_dens/CAGU_summer.tif,1
nc_pac_birds_dens,Pacific,CAGU,summer,cv_n_per_km2,https://file.marinesensitivity.org/cog/sdm/raw/nc_pac_birds_dens/CAGU_summer.tif,2
nc_pac_birds_dens,Pacific,CAGU,winter,n_per_km2,https://file.marinesensitivity.org/cog/sdm/raw/nc_pac_birds_dens/CAGU_winter.tif,1
nc_pac_birds_dens,Pacific,CAGU,winter,cv_n_per_km2,https://file.marinesensitivity.org/cog/sdm/raw/nc_pac_birds_dens/CAGU_winter.tif,2
nc_pac_birds_dens,Pacific,CATE,spring,n_per_km2,https://file.marinesensitivity.org/cog/sdm/raw/nc_pac_birds_dens/CATE_spring.tif,1
nc_pac_birds_dens,Pacific,CATE,spring,cv_n_per_km2,https://file.marinesensitivity.org/cog/sdm/raw/nc_pac_birds_dens/CATE_spring.tif,2
nc_pac_birds_dens,Pacific,CATE,summer,n_per_km2,https://file.marinesensitivity.org/cog/sdm/raw/nc_pac_birds_dens/CATE_summer.tif,1
nc_pac_birds_dens,Pacific,CATE,summer,cv_n_per_km2,https://file.marinesensitivity.org/cog/sdm/raw/nc_pac_birds_dens/CATE_summer.tif,2
nc_pac_birds_dens,Pacific,COLO,spring,n_per_km2,https://file.marinesensitivity.org/cog/sdm/raw/nc_pac_birds_dens/COLO_spring.tif,1
nc_pac_birds_dens,Pacific,COLO,spring,cv_n_per_km2,https://file.marinesensitivity.org/cog/sdm/raw/nc_pac_birds_dens/COLO_spring.tif,2
nc_pac_birds_dens,Pacific,COLO,summer,n_per_km2,https://file.marinesensitivity.org/cog/sdm/raw/nc_pac_birds_dens/COLO_summer.tif,1
nc_pac_birds_dens,Pacific,COLO,summer,cv_n_per_km2,https://file.marinesensitivity.org/cog/sdm/raw/nc_pac_birds_dens/COLO_summer.tif,2
nc_pac_birds_dens,Pacific,COMU,fall,n_per_km2,https://file.marinesensitivity.org/cog/sdm/raw/nc_pac_birds_dens/COMU_fall.tif,1
nc_pac_birds_dens,Pacific,COMU,fall,cv_n_per_km2,https://file.marinesensitivity.org/cog/sdm/raw/nc_pac_birds_dens/COMU_fall.tif,2
nc_pac_birds_dens,Pacific,COMU,spring,n_per_km2,https://file.marinesensitivity.org/cog/sdm/raw/nc_pac_birds_dens/COMU_spring.tif,1
nc_pac_birds_dens,Pacific,COMU,spring,cv_n_per_km2,https://file.marinesensitivity.org/cog/sdm/raw/nc_pac_birds_dens/COMU_spring.tif,2
nc_pac_birds_dens,Pacific,COMU,summer,n_per_km2,https://file.marinesensitivity.org/cog/sdm/raw/nc_pac_birds_dens/COMU_summer.tif,1
nc_pac_birds_dens,Pacific,COMU,summer,cv_n_per_km2,https://file.marinesensitivity.org/cog/sdm/raw/nc_pac_birds_dens/COMU_summer.tif,2
nc_pac_birds_dens,Pacific,COMU,winter,n_per_km2,https://file.marinesensitivity.org/cog/sdm/raw/nc_pac_birds_dens/COMU_winter.tif,1
nc_pac_birds_dens,Pacific,COMU,winter,cv_n_per_km2,https://file.marinesensitivity.org/cog/sdm/raw/nc_pac_birds_dens/COMU_winter.tif,2
nc_pac_birds_dens,Pacific,COPE,fall,n_per_km2,https://file.marinesensitivity.org/cog/sdm/raw/nc_pac_birds_dens/COPE_fall.tif,1
nc_pac_birds_dens,Pacific,COPE,fall,cv_n_per_km2,https://file.marinesensitivity.org/cog/sdm/raw/nc_pac_birds_dens/COPE_fall.tif,2
nc_pac_birds_dens,Pacific,COPE,spring,n_per_km2,https://file.marinesensitivity.org/cog/sdm/raw/nc_pac_birds_dens/COPE_spring.tif,1
nc_pac_birds_dens,Pacific,COPE,spring,cv_n_per_km2,https://file.marinesensitivity.org/cog/sdm/raw/nc_pac_birds_dens/COPE_spring.tif,2
nc_pac_birds_dens,Pacific,COPE,summer,n_per_km2,https://file.marinesensitivity.org/cog/sdm/raw/nc_pac_birds_dens/COPE_summer.tif,1
nc_pac_birds_dens,Pacific,COPE,summer,cv_n_per_km2,https://file.marinesensitivity.org/cog/sdm/raw/nc_pac_birds_dens/COPE_summer.tif,2
nc_pac_birds_dens,Pacific,CORM,fall,n_per_km2,https://file.marinesensitivity.org/cog/sdm/raw/nc_pac_birds_dens/CORM_fall.tif,1
nc_pac_birds_dens,Pacific,CORM,fall,cv_n_per_km2,https://file.marinesensitivity.org/cog/sdm/raw/nc_pac_birds_dens/CORM_fall.tif,2
nc_pac_birds_dens,Pacific,CORM,winter,n_per_km2,https://file.marinesensitivity.org/cog/sdm/raw/nc_pac_birds_dens/CORM_winter.tif,1
nc_pac_birds_dens,Pacific,CORM,winter,cv_n_per_km2,https://file.marinesensitivity.org/cog/sdm/raw/nc_pac_birds_dens/CORM_winter.tif,2
nc_pac_birds_dens,Pacific,COTE-ARTE,fall,n_per_km2,https://file.marinesensitivity.org/cog/sdm/raw/nc_pac_birds_dens/COTE-ARTE_fall.tif,1
nc_pac_birds_dens,Pacific,COTE-ARTE,fall,cv_n_per_km2,https://file.marinesensitivity.org/cog/sdm/raw/nc_pac_birds_dens/COTE-ARTE_fall.tif,2
nc_pac_birds_dens,Pacific,COTE-ARTE,spring,n_per_km2,https://file.marinesensitivity.org/cog/sdm/raw/nc_pac_birds_dens/COTE-ARTE_spring.tif,1
nc_pac_birds_dens,Pacific,COTE-ARTE,spring,cv_n_per_km2,https://file.marinesensitivity.org/cog/sdm/raw/nc_pac_birds_dens/COTE-ARTE_spring.tif,2
nc_pac_birds_dens,Pacific,COTE-ARTE,summer,n_per_km2,https://file.marinesensitivity.org/cog/sdm/raw/nc_pac_birds_dens/COTE-ARTE_summer.tif,1
nc_pac_birds_dens,Pacific,COTE-ARTE,summer,cv_n_per_km2,https://file.marinesensitivity.org/cog/sdm/raw/nc_pac_birds_dens/COTE-ARTE_summer.tif,2
nc_pac_birds_dens,Pacific,DCCO,spring,n_per_km2,https://file.marinesensitivity.org/cog/sdm/raw/nc_pac_birds_dens/DCCO_spring.tif,1
nc_pac_birds_dens,Pacific,DCCO,spring,cv_n_per_km2,https://file.marinesensitivity.org/cog/sdm/raw/nc_pac_birds_dens/DCCO_spring.tif,2
nc_pac_birds_dens,Pacific,DCCO,summer,n_per_km2,https://file.marinesensitivity.org/cog/sdm/raw/nc_pac_birds_dens/DCCO_summer.tif,1
nc_pac_birds_dens,Pacific,DCCO,summer,cv_n_per_km2,https://file.marinesensitivity.org/cog/sdm/raw/nc_pac_birds_dens/DCCO_summer.tif,2
nc_pac_birds_dens,Pacific,FTSP,fall,n_per_km2,https://file.marinesensitivity.org/cog/sdm/raw/nc_pac_birds_dens/FTSP_fall.tif,1
nc_pac_birds_dens,Pacific,FTSP,fall,cv_n_per_km2,https://file.marinesensitivity.org/cog/sdm/raw/nc_pac_birds_dens/FTSP_fall.tif,2
nc_pac_birds_dens,Pacific,FTSP,spring,n_per_km2,https://file.marinesensitivity.org/cog/sdm/raw/nc_pac_birds_dens/FTSP_spring.tif,1
nc_pac_birds_dens,Pacific,FTSP,spring,cv_n_per_km2,https://file.marinesensitivity.org/cog/sdm/raw/nc_pac_birds_dens/FTSP_spring.tif,2
nc_pac_birds_dens,Pacific,FTSP,summer,n_per_km2,https://file.marinesensitivity.org/cog/sdm/raw/nc_pac_birds_dens/FTSP_summer.tif,1
nc_pac_birds_dens,Pacific,FTSP,summer,cv_n_per_km2,https://file.marinesensitivity.org/cog/sdm/raw/nc_pac_birds_dens/FTSP_summer.tif,2
nc_pac_birds_dens,Pacific,FTSP,winter,n_per_km2,https://file.marinesensitivity.org/cog/sdm/raw/nc_pac_birds_dens/FTSP_winter.tif,1
nc_pac_birds_dens,Pacific,FTSP,winter,cv_n_per_km2,https://file.marinesensitivity.org/cog/sdm/raw/nc_pac_birds_dens/FTSP_winter.tif,2
nc_pac_birds_dens,Pacific,HEEG,fall,n_per_km2,https://file.marinesensitivity.org/cog/sdm/raw/nc_pac_birds_dens/HEEG_fall.tif,1
nc_pac_birds_dens,Pacific,HEEG,fall,cv_n_per_km2,https://file.marinesensitivity.org/cog/sdm/raw/nc_pac_birds_dens/HEEG_fall.tif,2
nc_pac_birds_dens,Pacific,HEEG,summer,n_per_km2,https://file.marinesensitivity.org/cog/sdm/raw/nc_pac_birds_dens/HEEG_summer.tif,1
nc_pac_birds_dens,Pacific,HEEG,summer,cv_n_per_km2,https://file.marinesensitivity.org/cog/sdm/raw/nc_pac_birds_dens/HEEG_summer.tif,2
nc_pac_birds_dens,Pacific,HEEG,winter,n_per_km2,https://file.marinesensitivity.org/cog/sdm/raw/nc_pac_birds_dens/HEEG_winter.tif,1
nc_pac_birds_dens,Pacific,HEEG,winter,cv_n_per_km2,https://file.marinesensitivity.org/cog/sdm/raw/nc_pac_birds_dens/HEEG_winter.tif,2
nc_pac_birds_dens,Pacific,HERG-ICGU,fall,n_per_km2,https://file.marinesensitivity.org/cog/sdm/raw/nc_pac_birds_dens/HERG-ICGU_fall.tif,1
nc_pac_birds_dens,Pacific,HERG-ICGU,fall,cv_n_per_km2,https://file.marinesensitivity.org/cog/sdm/raw/nc_pac_birds_dens/HERG-ICGU_fall.tif,2
nc_pac_birds_dens,Pacific,HERG-ICGU,spring,n_per_km2,https://file.marinesensitivity.org/cog/sdm/raw/nc_pac_birds_dens/HERG-ICGU_spring.tif,1
nc_pac_birds_dens,Pacific,HERG-ICGU,spring,cv_n_per_km2,https://file.marinesensitivity.org/cog/sdm/raw/nc_pac_birds_dens/HERG-ICGU_spring.tif,2
nc_pac_birds_dens,Pacific,HERG-ICGU,summer,n_per_km2,https://file.marinesensitivity.org/cog/sdm/raw/nc_pac_birds_dens/HERG-ICGU_summer.tif,1
nc_pac_birds_dens,Pacific,HERG-ICGU,summer,cv_n_per_km2,https://file.marinesensitivity.org/cog/sdm/raw/nc_pac_birds_dens/HERG-ICGU_summer.tif,2
nc_pac_birds_dens,Pacific,HERG-ICGU,winter,n_per_km2,https://file.marinesensitivity.org/cog/sdm/raw/nc_pac_birds_dens/HERG-ICGU_winter.tif,1
nc_pac_birds_dens,Pacific,HERG-ICGU,winter,cv_n_per_km2,https://file.marinesensitivity.org/cog/sdm/raw/nc_pac_birds_dens/HERG-ICGU_winter.tif,2
nc_pac_birds_dens,Pacific,JAEG,fall,n_per_km2,https://file.marinesensitivity.org/cog/sdm/raw/nc_pac_birds_dens/JAEG_fall.tif,1
nc_pac_birds_dens,Pacific,JAEG,fall,cv_n_per_km2,https://file.marinesensitivity.org/cog/sdm/raw/nc_pac_birds_dens/JAEG_fall.tif,2
nc_pac_birds_dens,Pacific,JAEG,spring,n_per_km2,https://file.marinesensitivity.org/cog/sdm/raw/nc_pac_birds_dens/JAEG_spring.tif,1
nc_pac_birds_dens,Pacific,JAEG,spring,cv_n_per_km2,https://file.marinesensitivity.org/cog/sdm/raw/nc_pac_birds_dens/JAEG_spring.tif,2
nc_pac_birds_dens,Pacific,JAEG,summer,n_per_km2,https://file.marinesensitivity.org/cog/sdm/raw/nc_pac_birds_dens/JAEG_summer.tif,1
nc_pac_birds_dens,Pacific,JAEG,summer,cv_n_per_km2,https://file.marinesensitivity.org/cog/sdm/raw/nc_pac_birds_dens/JAEG_summer.tif,2
nc_pac_birds_dens,Pacific,JAEG,winter,n_per_km2,https://file.marinesensitivity.org/cog/sdm/raw/nc_pac_birds_dens/JAEG_winter.tif,1
nc_pac_birds_dens,Pacific,JAEG,winter,cv_n_per_km2,https://file.marinesensitivity.org/cog/sdm/raw/nc_pac_birds_dens/JAEG_winter.tif,2
nc_pac_birds_dens,Pacific,LAAL,spring,n_per_km2,https://file.marinesensitivity.org/cog/sdm/raw/nc_pac_birds_dens/LAAL_spring.tif,1
nc_pac_birds_dens,Pacific,LAAL,spring,cv_n_per_km2,https://file.marinesensitivity.org/cog/sdm/raw/nc_pac_birds_dens/LAAL_spring.tif,2
nc_pac_birds_dens,Pacific,LAAL,winter,n_per_km2,https://file.marinesensitivity.org/cog/sdm/raw/nc_pac_birds_dens/LAAL_winter.tif,1
nc_pac_birds_dens,Pacific,LAAL,winter,cv_n_per_km2,https://file.marinesensitivity.org/cog/sdm/raw/nc_pac_birds_dens/LAAL_winter.tif,2
nc_pac_birds_dens,Pacific,LESP,fall,n_per_km2,https://file.marinesensitivity.org/cog/sdm/raw/nc_pac_birds_dens/LESP_fall.tif,1
nc_pac_birds_dens,Pacific,LESP,fall,cv_n_per_km2,https://file.marinesensitivity.org/cog/sdm/raw/nc_pac_birds_dens/LESP_fall.tif,2
nc_pac_birds_dens,Pacific,LESP,spring,n_per_km2,https://file.marinesensitivity.org/cog/sdm/raw/nc_pac_birds_dens/LESP_spring.tif,1
nc_pac_birds_dens,Pacific,LESP,spring,cv_n_per_km2,https://file.marinesensitivity.org/cog/sdm/raw/nc_pac_birds_dens/LESP_spring.tif,2
nc_pac_birds_dens,Pacific,LESP,summer,n_per_km2,https://file.marinesensitivity.org/cog/sdm/raw/nc_pac_birds_dens/LESP_summer.tif,1
nc_pac_birds_dens,Pacific,LESP,summer,cv_n_per_km2,https://file.marinesensitivity.org/cog/sdm/raw/nc_pac_birds_dens/LESP_summer.tif,2
nc_pac_birds_dens,Pacific,LESP,winter,n_per_km2,https://file.marinesensitivity.org/cog/sdm/raw/nc_pac_birds_dens/LESP_winter.tif,1
nc_pac_birds_dens,Pacific,LESP,winter,cv_n_per_km2,https://file.marinesensitivity.org/cog/sdm/raw/nc_pac_birds_dens/LESP_winter.tif,2
nc_pac_birds_dens,Pacific,LOON,fall,n_per_km2,https://file.marinesensitivity.org/cog/sdm/raw/nc_pac_birds_dens/LOON_fall.tif,1
nc_pac_birds_dens,Pacific,LOON,fall,cv_n_per_km2,https://file.marinesensitivity.org/cog/sdm/raw/nc_pac_birds_dens/LOON_fall.tif,2
nc_pac_birds_dens,Pacific,LOON,spring,n_per_km2,https://file.marinesensitivity.org/cog/sdm/raw/nc_pac_birds_dens/LOON_spring.tif,1
nc_pac_birds_dens,Pacific,LOON,spring,cv_n_per_km2,https://file.marinesensitivity.org/cog/sdm/raw/nc_pac_birds_dens/LOON_spring.tif,2
nc_pac_birds_dens,Pacific,LOON,summer,n_per_km2,https://file.marinesensitivity.org/cog/sdm/raw/nc_pac_birds_dens/LOON_summer.tif,1
nc_pac_birds_dens,Pacific,LOON,summer,cv_n_per_km2,https://file.marinesensitivity.org/cog/sdm/raw/nc_pac_birds_dens/LOON_summer.tif,2
nc_pac_birds_dens,Pacific,LOON,winter,n_per_km2,https://file.marinesensitivity.org/cog/sdm/raw/nc_pac_birds_dens/LOON_winter.tif,1
nc_pac_birds_dens,Pacific,LOON,winter,cv_n_per_km2,https://file.marinesensitivity.org/cog/sdm/raw/nc_pac_birds_dens/LOON_winter.tif,2
nc_pac_birds_dens,Pacific,MAMU,spring,n_per_km2,https://file.marinesensitivity.org/cog/sdm/raw/nc_pac_birds_dens/MAMU_spring.tif,1
nc_pac_birds_dens,Pacific,MAMU,spring,cv_n_per_km2,https://file.marinesensitivity.org/cog/sdm/raw/nc_pac_birds_dens/MAMU_spring.tif,2
nc_pac_birds_dens,Pacific,MAMU,summer,n_per_km2,https://file.marinesensitivity.org/cog/sdm/raw/nc_pac_birds_dens/MAMU_summer.tif,1
nc_pac_birds_dens,Pacific,MAMU,summer,cv_n_per_km2,https://file.marinesensitivity.org/cog/sdm/raw/nc_pac_birds_dens/MAMU_summer.tif,2
nc_pac_birds_dens,Pacific,MUPE,spring,n_per_km2,https://file.marinesensitivity.org/cog/sdm/raw/nc_pac_birds_dens/MUPE_spring.tif,1
nc_pac_birds_dens,Pacific,MUPE,spring,cv_n_per_km2,https://file.marinesensitivity.org/cog/sdm/raw/nc_pac_birds_dens/MUPE_spring.tif,2
nc_pac_birds_dens,Pacific,NOFU,fall,n_per_km2,https://file.marinesensitivity.org/cog/sdm/raw/nc_pac_birds_dens/NOFU_fall.tif,1
nc_pac_birds_dens,Pacific,NOFU,fall,cv_n_per_km2,https://file.marinesensitivity.org/cog/sdm/raw/nc_pac_birds_dens/NOFU_fall.tif,2
nc_pac_birds_dens,Pacific,NOFU,spring,n_per_km2,https://file.marinesensitivity.org/cog/sdm/raw/nc_pac_birds_dens/NOFU_spring.tif,1
nc_pac_birds_dens,Pacific,NOFU,spring,cv_n_per_km2,https://file.marinesensitivity.org/cog/sdm/raw/nc_pac_birds_dens/NOFU_spring.tif,2
nc_pac_birds_dens,Pacific,NOFU,summer,n_per_km2,https://file.marinesensitivity.org/cog/sdm/raw/nc_pac_birds_dens/NOFU_summer.tif,1
nc_pac_birds_dens,Pacific,NOFU,summer,cv_n_per_km2,https://file.marinesensitivity.org/cog/sdm/raw/nc_pac_birds_dens/NOFU_summer.tif,2
nc_pac_birds_dens,Pacific,NOFU,winter,n_per_km2,https://file.marinesensitivity.org/cog/sdm/raw/nc_pac_birds_dens/NOFU_winter.tif,1
nc_pac_birds_dens,Pacific,NOFU,winter,cv_n_per_km2,https://file.marinesensitivity.org/cog/sdm/raw/nc_pac_birds_dens/NOFU_winter.tif,2
nc_pac_birds_dens,Pacific,PAJA-LTJA,fall,n_per_km2,https://file.marinesensitivity.org/cog/sdm/raw/nc_pac_birds_dens/PAJA-LTJA_fall.tif,1
nc_pac_birds_dens,Pacific,PAJA-LTJA,fall,cv_n_per_km2,https://file.marinesensitivity.org/cog/sdm/raw/nc_pac_birds_dens/PAJA-LTJA_fall.tif,2
nc_pac_birds_dens,Pacific,PAJA-LTJA,spring,n_per_km2,https://file.marinesensitivity.org/cog/sdm/raw/nc_pac_birds_dens/PAJA-LTJA_spring.tif,1
nc_pac_birds_dens,Pacific,PAJA-LTJA,spring,cv_n_per_km2,https://file.marinesensitivity.org/cog/sdm/raw/nc_pac_birds_dens/PAJA-LTJA_spring.tif,2
nc_pac_birds_dens,Pacific,PAJA-LTJA,summer,n_per_km2,https://file.marinesensitivity.org/cog/sdm/raw/nc_pac_birds_dens/PAJA-LTJA_summer.tif,1
nc_pac_birds_dens,Pacific,PAJA-LTJA,summer,cv_n_per_km2,https://file.marinesensitivity.org/cog/sdm/raw/nc_pac_birds_dens/PAJA-LTJA_summer.tif,2
nc_pac_birds_dens,Pacific,PECO,spring,n_per_km2,https://file.marinesensitivity.org/cog/sdm/raw/nc_pac_birds_dens/PECO_spring.tif,1
nc_pac_birds_dens,Pacific,PECO,spring,cv_n_per_km2,https://file.marinesensitivity.org/cog/sdm/raw/nc_pac_birds_dens/PECO_spring.tif,2
nc_pac_birds_dens,Pacific,PECO,summer,n_per_km2,https://file.marinesensitivity.org/cog/sdm/raw/nc_pac_birds_dens/PECO_summer.tif,1
nc_pac_birds_dens,Pacific,PECO,summer,cv_n_per_km2,https://file.marinesensitivity.org/cog/sdm/raw/nc_pac_birds_dens/PECO_summer.tif,2
nc_pac_birds_dens,Pacific,PFSH,fall,n_per_km2,https://file.marinesensitivity.org/cog/sdm/raw/nc_pac_birds_dens/PFSH_fall.tif,1
nc_pac_birds_dens,Pacific,PFSH,fall,cv_n_per_km2,https://file.marinesensitivity.org/cog/sdm/raw/nc_pac_birds_dens/PFSH_fall.tif,2
nc_pac_birds_dens,Pacific,PFSH,spring,n_per_km2,https://file.marinesensitivity.org/cog/sdm/raw/nc_pac_birds_dens/PFSH_spring.tif,1
nc_pac_birds_dens,Pacific,PFSH,spring,cv_n_per_km2,https://file.marinesensitivity.org/cog/sdm/raw/nc_pac_birds_dens/PFSH_spring.tif,2
nc_pac_birds_dens,Pacific,PFSH,summer,n_per_km2,https://file.marinesensitivity.org/cog/sdm/raw/nc_pac_birds_dens/PFSH_summer.tif,1
nc_pac_birds_dens,Pacific,PFSH,summer,cv_n_per_km2,https://file.marinesensitivity.org/cog/sdm/raw/nc_pac_birds_dens/PFSH_summer.tif,2
nc_pac_birds_dens,Pacific,PHAL,fall,n_per_km2,https://file.marinesensitivity.org/cog/sdm/raw/nc_pac_birds_dens/PHAL_fall.tif,1
nc_pac_birds_dens,Pacific,PHAL,fall,cv_n_per_km2,https://file.marinesensitivity.org/cog/sdm/raw/nc_pac_birds_dens/PHAL_fall.tif,2
nc_pac_birds_dens,Pacific,PHAL,spring,n_per_km2,https://file.marinesensitivity.org/cog/sdm/raw/nc_pac_birds_dens/PHAL_spring.tif,1
nc_pac_birds_dens,Pacific,PHAL,spring,cv_n_per_km2,https://file.marinesensitivity.org/cog/sdm/raw/nc_pac_birds_dens/PHAL_spring.tif,2
nc_pac_birds_dens,Pacific,PHAL,summer,n_per_km2,https://file.marinesensitivity.org/cog/sdm/raw/nc_pac_birds_dens/PHAL_summer.tif,1
nc_pac_birds_dens,Pacific,PHAL,summer,cv_n_per_km2,https://file.marinesensitivity.org/cog/sdm/raw/nc_pac_birds_dens/PHAL_summer.tif,2
nc_pac_birds_dens,Pacific,PHAL,winter,n_per_km2,https://file.marinesensitivity.org/cog/sdm/raw/nc_pac_birds_dens/PHAL_winter.tif,1
nc_pac_birds_dens,Pacific,PHAL,winter,cv_n_per_km2,https://file.marinesensitivity.org/cog/sdm/raw/nc_pac_birds_dens/PHAL_winter.tif,2
nc_pac_birds_dens,Pacific,PIGU,spring,n_per_km2,https://file.marinesensitivity.org/cog/sdm/raw/nc_pac_birds_dens/PIGU_spring.tif,1
nc_pac_birds_dens,Pacific,PIGU,spring,cv_n_per_km2,https://file.marinesensitivity.org/cog/sdm/raw/nc_pac_birds_dens/PIGU_spring.tif,2
nc_pac_birds_dens,Pacific,PIGU,summer,n_per_km2,https://file.marinesensitivity.org/cog/sdm/raw/nc_pac_birds_dens/PIGU_summer.tif,1
nc_pac_birds_dens,Pacific,PIGU,summer,cv_n_per_km2,https://file.marinesensitivity.org/cog/sdm/raw/nc_pac_birds_dens/PIGU_summer.tif,2
nc_pac_birds_dens,Pacific,POJA,fall,n_per_km2,https://file.marinesensitivity.org/cog/sdm/raw/nc_pac_birds_dens/POJA_fall.tif,1
nc_pac_birds_dens,Pacific,POJA,fall,cv_n_per_km2,https://file.marinesensitivity.org/cog/sdm/raw/nc_pac_birds_dens/POJA_fall.tif,2
nc_pac_birds_dens,Pacific,POJA,spring,n_per_km2,https://file.marinesensitivity.org/cog/sdm/raw/nc_pac_birds_dens/POJA_spring.tif,1
nc_pac_birds_dens,Pacific,POJA,spring,cv_n_per_km2,https://file.marinesensitivity.org/cog/sdm/raw/nc_pac_birds_dens/POJA_spring.tif,2
nc_pac_birds_dens,Pacific,POJA,summer,n_per_km2,https://file.marinesensitivity.org/cog/sdm/raw/nc_pac_birds_dens/POJA_summer.tif,1
nc_pac_birds_dens,Pacific,POJA,summer,cv_n_per_km2,https://file.marinesensitivity.org/cog/sdm/raw/nc_pac_birds_dens/POJA_summer.tif,2
nc_pac_birds_dens,Pacific,POJA,winter,n_per_km2,https://file.marinesensitivity.org/cog/sdm/raw/nc_pac_birds_dens/POJA_winter.tif,1
nc_pac_birds_dens,Pacific,POJA,winter,cv_n_per_km2,https://file.marinesensitivity.org/cog/sdm/raw/nc_pac_birds_dens/POJA_winter.tif,2
nc_pac_birds_dens,Pacific,RHAU,fall,n_per_km2,https://file.marinesensitivity.org/cog/sdm/raw/nc_pac_birds_dens/RHAU_fall.tif,1
nc_pac_birds_dens,Pacific,RHAU,fall,cv_n_per_km2,https://file.marinesensitivity.org/cog/sdm/raw/nc_pac_birds_dens/RHAU_fall.tif,2
nc_pac_birds_dens,Pacific,RHAU,spring,n_per_km2,https://file.marinesensitivity.org/cog/sdm/raw/nc_pac_birds_dens/RHAU_spring.tif,1
nc_pac_birds_dens,Pacific,RHAU,spring,cv_n_per_km2,https://file.marinesensitivity.org/cog/sdm/raw/nc_pac_birds_dens/RHAU_spring.tif,2
nc_pac_birds_dens,Pacific,RHAU,summer,n_per_km2,https://file.marinesensitivity.org/cog/sdm/raw/nc_pac_birds_dens/RHAU_summer.tif,1
nc_pac_birds_dens,Pacific,RHAU,summer,cv_n_per_km2,https://file.marinesensitivity.org/cog/sdm/raw/nc_pac_birds_dens/RHAU_summer.tif,2
nc_pac_birds_dens,Pacific,RHAU,winter,n_per_km2,https://file.marinesensitivity.org/cog/sdm/raw/nc_pac_birds_dens/RHAU_winter.tif,1
nc_pac_birds_dens,Pacific,RHAU,winter,cv_n_per_km2,https://file.marinesensitivity.org/cog/sdm/raw/nc_pac_birds_dens/RHAU_winter.tif,2
nc_pac_birds_dens,Pacific,ROYT-ELTE,fall,n_per_km2,https://file.marinesensitivity.org/cog/sdm/raw/nc_pac_birds_dens/ROYT-ELTE_fall.tif,1
nc_pac_birds_dens,Pacific,ROYT-ELTE,fall,cv_n_per_km2,https://file.marinesensitivity.org/cog/sdm/raw/nc_pac_birds_dens/ROYT-ELTE_fall.tif,2
nc_pac_birds_dens,Pacific,ROYT-ELTE,spring,n_per_km2,https://file.marinesensitivity.org/cog/sdm/raw/nc_pac_birds_dens/ROYT-ELTE_spring.tif,1
nc_pac_birds_dens,Pacific,ROYT-ELTE,spring,cv_n_per_km2,https://file.marinesensitivity.org/cog/sdm/raw/nc_pac_birds_dens/ROYT-ELTE_spring.tif,2
nc_pac_birds_dens,Pacific,ROYT-ELTE,summer,n_per_km2,https://file.marinesensitivity.org/cog/sdm/raw/nc_pac_birds_dens/ROYT-ELTE_summer.tif,1
nc_pac_birds_dens,Pacific,ROYT-ELTE,summer,cv_n_per_km2,https://file.marinesensitivity.org/cog/sdm/raw/nc_pac_birds_dens/ROYT-ELTE_summer.tif,2
nc_pac_birds_dens,Pacific,RTLO,spring,n_per_km2,https://file.marinesensitivity.org/cog/sdm/raw/nc_pac_birds_dens/RTLO_spring.tif,1
nc_pac_birds_dens,Pacific,RTLO,spring,cv_n_per_km2,https://file.marinesensitivity.org/cog/sdm/raw/nc_pac_birds_dens/RTLO_spring.tif,2
nc_pac_birds_dens,Pacific,RTLO,summer,n_per_km2,https://file.marinesensitivity.org/cog/sdm/raw/nc_pac_birds_dens/RTLO_summer.tif,1
nc_pac_birds_dens,Pacific,RTLO,summer,cv_n_per_km2,https://file.marinesensitivity.org/cog/sdm/raw/nc_pac_birds_dens/RTLO_summer.tif,2
nc_pac_birds_dens,Pacific,SAGU,fall,n_per_km2,https://file.marinesensitivity.org/cog/sdm/raw/nc_pac_birds_dens/SAGU_fall.tif,1
nc_pac_birds_dens,Pacific,SAGU,fall,cv_n_per_km2,https://file.marinesensitivity.org/cog/sdm/raw/nc_pac_birds_dens/SAGU_fall.tif,2
nc_pac_birds_dens,Pacific,SAGU,spring,n_per_km2,https://file.marinesensitivity.org/cog/sdm/raw/nc_pac_birds_dens/SAGU_spring.tif,1
nc_pac_birds_dens,Pacific,SAGU,spring,cv_n_per_km2,https://file.marinesensitivity.org/cog/sdm/raw/nc_pac_birds_dens/SAGU_spring.tif,2
nc_pac_birds_dens,Pacific,SAGU,summer,n_per_km2,https://file.marinesensitivity.org/cog/sdm/raw/nc_pac_birds_dens/SAGU_summer.tif,1
nc_pac_birds_dens,Pacific,SAGU,summer,cv_n_per_km2,https://file.marinesensitivity.org/cog/sdm/raw/nc_pac_birds_dens/SAGU_summer.tif,2
nc_pac_birds_dens,Pacific,SCMU-GUMU-CRMU,spring,n_per_km2,https://file.marinesensitivity.org/cog/sdm/raw/nc_pac_birds_dens/SCMU-GUMU-CRMU_spring.tif,1
nc_pac_birds_dens,Pacific,SCMU-GUMU-CRMU,spring,cv_n_per_km2,https://file.marinesensitivity.org/cog/sdm/raw/nc_pac_birds_dens/SCMU-GUMU-CRMU_spring.tif,2
nc_pac_birds_dens,Pacific,SCOT,fall,n_per_km2,https://file.marinesensitivity.org/cog/sdm/raw/nc_pac_birds_dens/SCOT_fall.tif,1
nc_pac_birds_dens,Pacific,SCOT,fall,cv_n_per_km2,https://file.marinesensitivity.org/cog/sdm/raw/nc_pac_birds_dens/SCOT_fall.tif,2
nc_pac_birds_dens,Pacific,SCOT,spring,n_per_km2,https://file.marinesensitivity.org/cog/sdm/raw/nc_pac_birds_dens/SCOT_spring.tif,1
nc_pac_birds_dens,Pacific,SCOT,spring,cv_n_per_km2,https://file.marinesensitivity.org/cog/sdm/raw/nc_pac_birds_dens/SCOT_spring.tif,2
nc_pac_birds_dens,Pacific,SCOT,summer,n_per_km2,https://file.marinesensitivity.org/cog/sdm/raw/nc_pac_birds_dens/SCOT_summer.tif,1
nc_pac_birds_dens,Pacific,SCOT,summer,cv_n_per_km2,https://file.marinesensitivity.org/cog/sdm/raw/nc_pac_birds_dens/SCOT_summer.tif,2
nc_pac_birds_dens,Pacific,SCOT,winter,n_per_km2,https://file.marinesensitivity.org/cog/sdm/raw/nc_pac_birds_dens/SCOT_winter.tif,1
nc_pac_birds_dens,Pacific,SCOT,winter,cv_n_per_km2,https://file.marinesensitivity.org/cog/sdm/raw/nc_pac_birds_dens/SCOT_winter.tif,2
nc_pac_birds_dens,Pacific,SPSK,fall,n_per_km2,https://file.marinesensitivity.org/cog/sdm/raw/nc_pac_birds_dens/SPSK_fall.tif,1
nc_pac_birds_dens,Pacific,SPSK,fall,cv_n_per_km2,https://file.marinesensitivity.org/cog/sdm/raw/nc_pac_birds_dens/SPSK_fall.tif,2
nc_pac_birds_dens,Pacific,STTS-SOSH-FFSH,fall,n_per_km2,https://file.marinesensitivity.org/cog/sdm/raw/nc_pac_birds_dens/STTS-SOSH-FFSH_fall.tif,1
nc_pac_birds_dens,Pacific,STTS-SOSH-FFSH,fall,cv_n_per_km2,https://file.marinesensitivity.org/cog/sdm/raw/nc_pac_birds_dens/STTS-SOSH-FFSH_fall.tif,2
nc_pac_birds_dens,Pacific,STTS-SOSH-FFSH,spring,n_per_km2,https://file.marinesensitivity.org/cog/sdm/raw/nc_pac_birds_dens/STTS-SOSH-FFSH_spring.tif,1
nc_pac_birds_dens,Pacific,STTS-SOSH-FFSH,spring,cv_n_per_km2,https://file.marinesensitivity.org/cog/sdm/raw/nc_pac_birds_dens/STTS-SOSH-FFSH_spring.tif,2
nc_pac_birds_dens,Pacific,STTS-SOSH-FFSH,summer,n_per_km2,https://file.marinesensitivity.org/cog/sdm/raw/nc_pac_birds_dens/STTS-SOSH-FFSH_summer.tif,1
nc_pac_birds_dens,Pacific,STTS-SOSH-FFSH,summer,cv_n_per_km2,https://file.marinesensitivity.org/cog/sdm/raw/nc_pac_birds_dens/STTS-SOSH-FFSH_summer.tif,2
nc_pac_birds_dens,Pacific,STTS-SOSH-FFSH,winter,n_per_km2,https://file.marinesensitivity.org/cog/sdm/raw/nc_pac_birds_dens/STTS-SOSH-FFSH_winter.tif,1
nc_pac_birds_dens,Pacific,STTS-SOSH-FFSH,winter,cv_n_per_km2,https://file.marinesensitivity.org/cog/sdm/raw/nc_pac_birds_dens/STTS-SOSH-FFSH_winter.tif,2
nc_pac_birds_dens,Pacific,TUPU,spring,n_per_km2,https://file.marinesensitivity.org/cog/sdm/raw/nc_pac_birds_dens/TUPU_spring.tif,1
nc_pac_birds_dens,Pacific,TUPU,spring,cv_n_per_km2,https://file.marinesensitivity.org/cog/sdm/raw/nc_pac_birds_dens/TUPU_spring.tif,2
nc_pac_birds_dens,Pacific,TUPU,summer,n_per_km2,https://file.marinesensitivity.org/cog/sdm/raw/nc_pac_birds_dens/TUPU_summer.tif,1
nc_pac_birds_dens,Pacific,TUPU,summer,cv_n_per_km2,https://file.marinesensitivity.org/cog/sdm/raw/nc_pac_birds_dens/TUPU_summer.tif,2
nc_pac_birds_dens,Pacific,WEGR-CLGR,fall,n_per_km2,https://file.marinesensitivity.org/cog/sdm/raw/nc_pac_birds_dens/WEGR-CLGR_fall.tif,1
nc_pac_birds_dens,Pacific,WEGR-CLGR,fall,cv_n_per_km2,https://file.marinesensitivity.org/cog/sdm/raw/nc_pac_birds_dens/WEGR-CLGR_fall.tif,2
nc_pac_birds_dens,Pacific,WEGR-CLGR,spring,n_per_km2,https://file.marinesensitivity.org/cog/sdm/raw/nc_pac_birds_dens/WEGR-CLGR_spring.tif,1
nc_pac_birds_dens,Pacific,WEGR-CLGR,spring,cv_n_per_km2,https://file.marinesensitivity.org/cog/sdm/raw/nc_pac_birds_dens/WEGR-CLGR_spring.tif,2
nc_pac_birds_dens,Pacific,WEGR-CLGR,winter,n_per_km2,https://file.marinesensitivity.org/cog/sdm/raw/nc_pac_birds_dens/WEGR-CLGR_winter.tif,1
nc_pac_birds_dens,Pacific,WEGR-CLGR,winter,cv_n_per_km2,https://file.marinesensitivity.org/cog/sdm/raw/nc_pac_birds_dens/WEGR-CLGR_winter.tif,2
nc_pac_birds_dens,Pacific,WEGU-WGWH-GWGU,fall,n_per_km2,https://file.marinesensitivity.org/cog/sdm/raw/nc_pac_birds_dens/WEGU-WGWH-GWGU_fall.tif,1
nc_pac_birds_dens,Pacific,WEGU-WGWH-GWGU,fall,cv_n_per_km2,https://file.marinesensitivity.org/cog/sdm/raw/nc_pac_birds_dens/WEGU-WGWH-GWGU_fall.tif,2
nc_pac_birds_dens,Pacific,WEGU-WGWH-GWGU,spring,n_per_km2,https://file.marinesensitivity.org/cog/sdm/raw/nc_pac_birds_dens/WEGU-WGWH-GWGU_spring.tif,1
nc_pac_birds_dens,Pacific,WEGU-WGWH-GWGU,spring,cv_n_per_km2,https://file.marinesensitivity.org/cog/sdm/raw/nc_pac_birds_dens/WEGU-WGWH-GWGU_spring.tif,2
nc_pac_birds_dens,Pacific,WEGU-WGWH-GWGU,summer,n_per_km2,https://file.marinesensitivity.org/cog/sdm/raw/nc_pac_birds_dens/WEGU-WGWH-GWGU_summer.tif,1
nc_pac_birds_dens,Pacific,WEGU-WGWH-GWGU,summer,cv_n_per_km2,https://file.marinesensitivity.org/cog/sdm/raw/nc_pac_birds_dens/WEGU-WGWH-GWGU_summer.tif,2
nc_pac_birds_dens,Pacific,WEGU-WGWH-GWGU,winter,n_per_km2,https://file.marinesensitivity.org/cog/sdm/raw/nc_pac_birds_dens/WEGU-WGWH-GWGU_winter.tif,1
nc_pac_birds_dens,Pacific,WEGU-WGWH-GWGU,winter,cv_n_per_km2,https://file.marinesensitivity.org/cog/sdm/raw/nc_pac_birds_dens/WEGU-WGWH-GWGU_winter.tif,2
