sci_ds,scientific_name_dataset,scientific_name_dataset_url,category,region,common_name,nmfs_esa,nmfs_esa_all,is_mmpa,scientific_name_accepted,worms_id,taxon_rank,is_marine,worms_id_url
Sebastes fasciatus,Sebastes fasciatus,https://www.fisheries.noaa.gov/species/acadian-redfish,Fish; Groundfish; Wild-Caught Seafood,; New England/Mid-Atlantic,NA,LC,LC,FALSE,Sebastes fasciatus,127252,Species,TRUE,https://www.marinespecies.org/aphia.php?p=taxdetails&id=127252
Acropora globiceps,Acropora globiceps,https://www.fisheries.noaa.gov/species/acropora-globiceps-coral,Invertebrates; Corals,; Pacific Islands,NA,TN,TN,FALSE,Acropora globiceps,430645,Species,TRUE,https://www.marinespecies.org/aphia.php?p=taxdetails&id=430645
Acropora jacquelineae,Acropora jacquelineae,https://www.fisheries.noaa.gov/species/acropora-jacquelineae-coral,Invertebrates; Corals,; Foreign,NA,LC,LC,FALSE,Acropora jacquelineae,288212,Species,TRUE,https://www.marinespecies.org/aphia.php?p=taxdetails&id=288212
Acropora lokani,Acropora lokani,https://www.fisheries.noaa.gov/species/acropora-lokani-coral,Invertebrates; Corals,; Foreign,NA,LC,LC,FALSE,Acropora lokani,288219,Species,TRUE,https://www.marinespecies.org/aphia.php?p=taxdetails&id=288219
Acropora pharaonis,Acropora pharaonis,https://www.fisheries.noaa.gov/species/acropora-pharaonis-coral,Invertebrates; Corals,; Foreign,NA,LC,LC,FALSE,Acropora pharaonis,207059,Species,TRUE,https://www.marinespecies.org/aphia.php?p=taxdetails&id=207059
Acropora retusa,Acropora retusa,https://www.fisheries.noaa.gov/species/acropora-retusa-coral,Invertebrates; Corals,; Pacific Islands,NA,TN,TN,FALSE,Acropora retusa,430653,Species,TRUE,https://www.marinespecies.org/aphia.php?p=taxdetails&id=430653
Acropora rudis,Acropora rudis,https://www.fisheries.noaa.gov/species/acropora-rudis-coral,Invertebrates; Corals,; Foreign,NA,LC,LC,FALSE,Acropora rudis,288241,Species,TRUE,https://www.marinespecies.org/aphia.php?p=taxdetails&id=288241
Acropora speciosa,Acropora speciosa,https://www.fisheries.noaa.gov/species/acropora-speciosa-coral,Invertebrates; Corals,; Pacific Islands,NA,TN,TN,FALSE,Acropora speciosa,430655,Species,TRUE,https://www.marinespecies.org/aphia.php?p=taxdetails&id=430655
Acropora tenella,Acropora tenella,https://www.fisheries.noaa.gov/species/acropora-tenella-coral,Invertebrates; Corals,; Foreign,NA,LC,LC,FALSE,Acropora tenella,288254,Species,TRUE,https://www.marinespecies.org/aphia.php?p=taxdetails&id=288254
Acipenser naccarii,Acipenser naccarii,https://www.fisheries.noaa.gov/species/adriatic-sturgeon,Fish; Protected Fish,; Foreign,NA,LC,LC,FALSE,Huso naccarii,1815705,Species,TRUE,https://www.marinespecies.org/aphia.php?p=taxdetails&id=1815705
Latimeria chalumnae,Latimeria chalumnae,https://www.fisheries.noaa.gov/species/african-coelacanth,Fish; Protected Fish,; Foreign,NA,LC,LC,FALSE,Latimeria chalumnae,217438,Species,TRUE,https://www.marinespecies.org/aphia.php?p=taxdetails&id=217438
Alosa alabamae,Alosa alabamae,https://www.fisheries.noaa.gov/species/alabama-shad,Fish,; Southeast,NA,LC,LC,FALSE,Alosa alabamae,272248,Species,TRUE,https://www.marinespecies.org/aphia.php?p=taxdetails&id=272248
Gadus chalcogrammus,Gadus chalcogrammus,https://www.fisheries.noaa.gov/species/alaska-pollock,Fish; Groundfish; Wild-Caught Seafood,; Alaska,NA,LC,LC,FALSE,Gadus chalcogrammus,300735,Species,TRUE,https://www.marinespecies.org/aphia.php?p=taxdetails&id=300735
Chionoecetes opilio,Chionoecetes opilio,https://www.fisheries.noaa.gov/species/alaska-snow-crab,Invertebrates; Crab; Wild-Caught Seafood,; Alaska,NA,LC,LC,FALSE,Chionoecetes opilio,107315,Species,TRUE,https://www.marinespecies.org/aphia.php?p=taxdetails&id=107315
Seriola rivoliana,Seriola rivoliana,https://www.fisheries.noaa.gov/species/almaco-jack,Fish; Farmed Seafood; Reef Fish; Wild-Caught Seafood,; New England/Mid-AtlanticRegion; Pacific IslandsRegion; SoutheastRegion; West Coast,NA,LC,LC,FALSE,Seriola rivoliana,126818,Species,TRUE,https://www.marinespecies.org/aphia.php?p=taxdetails&id=126818
Homarus americanus,Homarus americanus,https://www.fisheries.noaa.gov/species/american-lobster,Invertebrates; Wild-Caught Seafood,; New England/Mid-Atlantic,NA,LC,LC,FALSE,Homarus americanus,156134,Species,TRUE,https://www.marinespecies.org/aphia.php?p=taxdetails&id=156134
Hippoglossoides platessoides,Hippoglossoides platessoides,https://www.fisheries.noaa.gov/species/american-plaice,Fish; Groundfish; Wild-Caught Seafood,; New England/Mid-Atlantic,NA,LC,LC,FALSE,Hippoglossoides platessoides,127137,Species,TRUE,https://www.marinespecies.org/aphia.php?p=taxdetails&id=127137
Anacropora spinosa,Anacropora spinosa,https://www.fisheries.noaa.gov/species/anacropora-spinosa-coral,Invertebrates; Corals,; Foreign,NA,LC,LC,FALSE,Anacropora spinosa,289244,Species,TRUE,https://www.marinespecies.org/aphia.php?p=taxdetails&id=289244
Squatina argentina,Squatina argentina,https://www.fisheries.noaa.gov/species/argentine-angelshark,Fish; Protected Fish; Sharks,; Foreign,NA,LC,LC,FALSE,Squatina argentina,271664,Species,TRUE,https://www.marinespecies.org/aphia.php?p=taxdetails&id=271664
Atheresthes stomias,Atheresthes stomias,https://www.fisheries.noaa.gov/species/arrowtooth-flounder,Fish; Wild-Caught Seafood,; AlaskaRegion; West Coast,NA,LC,LC,FALSE,Atheresthes stomias,279792,Species,TRUE,https://www.marinespecies.org/aphia.php?p=taxdetails&id=279792
Thunnus obesus,Thunnus obesus,https://www.fisheries.noaa.gov/species/atlantic-bigeye-tuna,Fish; Highly Migratory Fish; Wild-Caught Seafood,; New England/Mid-AtlanticRegion; Southeast; ; Pacific IslandsRegion; West Coast,NA,LC,LC,FALSE,Thunnus obesus,127028,Species,TRUE,https://www.marinespecies.org/aphia.php?p=taxdetails&id=127028
Carcharhinus limbatus,Carcharhinus limbatus,https://www.fisheries.noaa.gov/species/atlantic-blacktip-shark,Fish; Highly Migratory Fish; Sharks; Wild-Caught Seafood,; New England/Mid-AtlanticRegion; Southeast,NA,LC,LC,FALSE,Carcharhinus limbatus,105793,Species,TRUE,https://www.marinespecies.org/aphia.php?p=taxdetails&id=105793
Scomber colias,Scomber colias,https://www.fisheries.noaa.gov/species/atlantic-chub-mackerel,Fish; Wild-Caught Seafood,; New England/Mid-Atlantic,NA,LC,LC,FALSE,Scomber colias,151174,Species,TRUE,https://www.marinespecies.org/aphia.php?p=taxdetails&id=151174
Gadus morhua,Gadus morhua,https://www.fisheries.noaa.gov/species/atlantic-cod,Fish; Groundfish; Wild-Caught Seafood,; New England/Mid-AtlanticRegion; Southeast,NA,LC,LC,FALSE,Gadus morhua,126436,Species,TRUE,https://www.marinespecies.org/aphia.php?p=taxdetails&id=126436
Alopias vulpinus,Alopias vulpinus,https://www.fisheries.noaa.gov/species/atlantic-common-thresher-shark,Fish; Highly Migratory Fish; Sharks; Wild-Caught Seafood,; New England/Mid-AtlanticRegion; Southeast; ; Pacific IslandsRegion; West Coast,NA,LC,LC,FALSE,Alopias vulpinus,105836,Species,TRUE,https://www.marinespecies.org/aphia.php?p=taxdetails&id=105836
Chaceon quinquedens,Chaceon quinquedens,https://www.fisheries.noaa.gov/species/atlantic-deep-sea-red-crab,Invertebrates; Crab; Wild-Caught Seafood,; New England/Mid-Atlantic,NA,LC,LC,FALSE,Chaceon quinquedens,158407,Species,TRUE,https://www.marinespecies.org/aphia.php?p=taxdetails&id=158407
Epinephelus itajara,Epinephelus itajara,https://www.fisheries.noaa.gov/species/atlantic-goliath-grouper,Fish; Reef Fish,; Southeast,NA,LC,LC,FALSE,Epinephelus itajara,159353,Species,TRUE,https://www.marinespecies.org/aphia.php?p=taxdetails&id=159353
Hippoglossus hippoglossus,Hippoglossus hippoglossus,https://www.fisheries.noaa.gov/species/atlantic-halibut,Fish; Groundfish; Wild-Caught Seafood,; New England/Mid-Atlantic,NA,LC,LC,FALSE,Hippoglossus hippoglossus,127138,Species,TRUE,https://www.marinespecies.org/aphia.php?p=taxdetails&id=127138
Clupea harengus,Clupea harengus,https://www.fisheries.noaa.gov/species/atlantic-herring,Fish; Wild-Caught Seafood,; New England/Mid-AtlanticRegion; Southeast,NA,LC,LC,FALSE,Clupea harengus,126417,Species,TRUE,https://www.marinespecies.org/aphia.php?p=taxdetails&id=126417
Sousa teuszii,Sousa teuszii,https://www.fisheries.noaa.gov/species/atlantic-humpback-dolphin,Dolphins & Porpoises,; Foreign,NA,LC,LC,TRUE,Sousa teuszii,254970,Species,TRUE,https://www.marinespecies.org/aphia.php?p=taxdetails&id=254970
Scomber scombrus,Scomber scombrus,https://www.fisheries.noaa.gov/species/atlantic-mackerel,Fish; Wild-Caught Seafood,; New England/Mid-AtlanticRegion; Southeast,NA,LC,LC,FALSE,Scomber scombrus,127023,Species,TRUE,https://www.marinespecies.org/aphia.php?p=taxdetails&id=127023
Coryphaena hippurus,Coryphaena hippurus,https://www.fisheries.noaa.gov/species/atlantic-mahi-mahi,Fish; Wild-Caught Seafood,; New England/Mid-AtlanticRegion; Southeast; ; Pacific IslandsRegion; West Coast,Mahi,LC,LC,FALSE,Coryphaena hippurus,126846,Species,TRUE,https://www.marinespecies.org/aphia.php?p=taxdetails&id=126846
Brevoortia tyrannus,Brevoortia tyrannus,https://www.fisheries.noaa.gov/species/atlantic-menhaden,Fish,; New England/Mid-AtlanticRegion; Southeast,NA,LC,LC,FALSE,Brevoortia tyrannus,158691,Species,TRUE,https://www.marinespecies.org/aphia.php?p=taxdetails&id=158691
Pandalus borealis,Pandalus borealis,https://www.fisheries.noaa.gov/species/atlantic-northern-shrimp,Invertebrates; Shrimp; Wild-Caught Seafood,; New England/Mid-Atlantic,NA,LC,LC,FALSE,Pandalus borealis,107649,Species,TRUE,https://www.marinespecies.org/aphia.php?p=taxdetails&id=107649
Pollachius virens,Pollachius virens,https://www.fisheries.noaa.gov/species/atlantic-pollock,Fish; Groundfish; Wild-Caught Seafood,; New England/Mid-Atlantic,NA,LC,LC,FALSE,Pollachius virens,126441,Species,TRUE,https://www.marinespecies.org/aphia.php?p=taxdetails&id=126441
Salmo salar,Salmo salar,https://www.fisheries.noaa.gov/species/atlantic-salmon,Fish; Farmed Seafood; Protected Fish; Salmon & Steelhead,; New England/Mid-Atlantic,NA,EN,EN,FALSE,Salmo salar,127186,Species,TRUE,https://www.marinespecies.org/aphia.php?p=taxdetails&id=127186
Placopecten magellanicus,Placopecten magellanicus,https://www.fisheries.noaa.gov/species/atlantic-sea-scallop,Invertebrates; Scallops; Wild-Caught Seafood,; New England/Mid-Atlantic,NA,LC,LC,FALSE,Placopecten magellanicus,156972,Species,TRUE,https://www.marinespecies.org/aphia.php?p=taxdetails&id=156972
Rhizoprionodon terraenovae,Rhizoprionodon terraenovae,https://www.fisheries.noaa.gov/species/atlantic-sharpnose-shark,Fish; Highly Migratory Fish; Sharks; Wild-Caught Seafood,; New England/Mid-AtlanticRegion; Southeast,NA,LC,LC,FALSE,Rhizoprionodon terraenovae,158510,Species,TRUE,https://www.marinespecies.org/aphia.php?p=taxdetails&id=158510
Isurus oxyrinchus,Isurus oxyrinchus,https://www.fisheries.noaa.gov/species/atlantic-shortfin-mako-shark,Fish; Highly Migratory Fish; Sharks; Wild-Caught Seafood,; New England/Mid-AtlanticRegion; Southeast; ; Pacific IslandsRegion; West Coast; ; New England/Mid-AtlanticRegion; Pacific IslandsRegion; SoutheastRegion; West Coast,NA,LC,LC,FALSE,Isurus oxyrinchus,105839,Species,TRUE,https://www.marinespecies.org/aphia.php?p=taxdetails&id=105839
Katsuwonus pelamis,Katsuwonus pelamis,https://www.fisheries.noaa.gov/species/atlantic-skipjack-tuna,Fish; Highly Migratory Fish; Wild-Caught Seafood,; New England/Mid-AtlanticRegion; Southeast; ; Pacific IslandsRegion; West Coast,NA,LC,LC,FALSE,Katsuwonus pelamis,127018,Species,TRUE,https://www.marinespecies.org/aphia.php?p=taxdetails&id=127018
Squalus acanthias,Squalus acanthias,https://www.fisheries.noaa.gov/species/atlantic-spiny-dogfish,Fish; Sharks; Wild-Caught Seafood,; New England/Mid-AtlanticRegion; Southeast,NA,LC,LC,FALSE,Squalus acanthias,105923,Species,TRUE,https://www.marinespecies.org/aphia.php?p=taxdetails&id=105923
Stenella frontalis,Stenella frontalis,https://www.fisheries.noaa.gov/species/atlantic-spotted-dolphin,Dolphins & Porpoises,; New England/Mid-AtlanticRegion; Southeast,NA,LC,LC,TRUE,Stenella frontalis,137108,Species,TRUE,https://www.marinespecies.org/aphia.php?p=taxdetails&id=137108
Morone saxatilis,Morone saxatilis,https://www.fisheries.noaa.gov/species/atlantic-striped-bass,Fish; Wild-Caught Seafood,; New England/Mid-AtlanticRegion; Southeast,NA,LC,LC,FALSE,Morone saxatilis,151179,Species,TRUE,https://www.marinespecies.org/aphia.php?p=taxdetails&id=151179
Acipenser oxyrinchus oxyrinchus,Acipenser oxyrinchus oxyrinchus,https://www.fisheries.noaa.gov/species/atlantic-sturgeon,Fish; Protected Fish,; New England/Mid-AtlanticRegion; Southeast,NA,EN,EN,FALSE,Acipenser oxyrinchus,151802,Species,TRUE,https://www.marinespecies.org/aphia.php?p=taxdetails&id=151802
Spisula solidissima,Spisula solidissima,https://www.fisheries.noaa.gov/species/atlantic-surfclam,"Invertebrates; Clams, Mussels, Oysters; Wild-Caught Seafood",; New England/Mid-AtlanticRegion; Southeast,NA,LC,LC,FALSE,Spisula solidissima,156996,Species,TRUE,https://www.marinespecies.org/aphia.php?p=taxdetails&id=156996
Acanthocybium solandri,Acanthocybium solandri,https://www.fisheries.noaa.gov/species/atlantic-wahoo,Fish; Wild-Caught Seafood,; New England/Mid-AtlanticRegion; Southeast; ; Pacific IslandsRegion; West Coast,NA,LC,LC,FALSE,Acanthocybium solandri,127014,Species,TRUE,https://www.marinespecies.org/aphia.php?p=taxdetails&id=127014
Lagenorhynchus acutus,Lagenorhynchus acutus,https://www.fisheries.noaa.gov/species/atlantic-white-sided-dolphin,Dolphins & Porpoises,; New England/Mid-AtlanticRegion; Southeast,NA,LC,LC,TRUE,Leucopleurus acutus,1571853,Species,TRUE,https://www.marinespecies.org/aphia.php?p=taxdetails&id=1571853
Anarhichas lupus,Anarhichas lupus,https://www.fisheries.noaa.gov/species/atlantic-wolffish,Fish; Groundfish; Wild-Caught Seafood,; New England/Mid-Atlantic,NA,LC,LC,FALSE,Anarhichas lupus,126758,Species,TRUE,https://www.marinespecies.org/aphia.php?p=taxdetails&id=126758
Thunnus albacares,Thunnus albacares,https://www.fisheries.noaa.gov/species/atlantic-yellowfin-tuna,Fish; Highly Migratory Fish; Wild-Caught Seafood,; New England/Mid-AtlanticRegion; Southeast; ; Pacific IslandsRegion; West Coast,NA,LC,LC,FALSE,Thunnus albacares,127027,Species,TRUE,https://www.marinespecies.org/aphia.php?p=taxdetails&id=127027
Berardius bairdii,Berardius bairdii,https://www.fisheries.noaa.gov/species/bairds-beaked-whale,Whales,; AlaskaRegion; West Coast,NA,LC,LC,TRUE,Berardius bairdii,242608,Species,TRUE,https://www.marinespecies.org/aphia.php?p=taxdetails&id=242608
Pterapogon kauderni,Pterapogon kauderni,https://www.fisheries.noaa.gov/species/banggai-cardinalfish,Fish; Protected Fish; Reef Fish,; Foreign,NA,LC,LC,FALSE,Pterapogon kauderni,282494,Species,TRUE,https://www.marinespecies.org/aphia.php?p=taxdetails&id=282494
Erignathus barbatus,Erignathus barbatus,https://www.fisheries.noaa.gov/species/bearded-seal,Seals & Sea Lions,; Alaska,NA,TN,TN,TRUE,Erignathus barbatus,137079,Species,TRUE,https://www.marinespecies.org/aphia.php?p=taxdetails&id=137079
Delphinapterus leucas,Delphinapterus leucas,https://www.fisheries.noaa.gov/species/beluga-whale,Whales,; Alaska,NA,EN,EN,TRUE,Delphinapterus leucas,137115,Species,TRUE,https://www.marinespecies.org/aphia.php?p=taxdetails&id=137115
Haliotis cracherodii,Haliotis cracherodii,https://www.fisheries.noaa.gov/species/black-abalone,Invertebrates; Abalone,; West Coast,NA,EN,EN,FALSE,Haliotis cracherodii,405012,Species,TRUE,https://www.marinespecies.org/aphia.php?p=taxdetails&id=405012
Mycteroperca bonaci,Mycteroperca bonaci,https://www.fisheries.noaa.gov/species/black-grouper,Fish; Reef Fish; Wild-Caught Seafood,; New England/Mid-AtlanticRegion; Southeast,NA,LC,LC,FALSE,Mycteroperca bonaci,159231,Species,TRUE,https://www.marinespecies.org/aphia.php?p=taxdetails&id=159231
Centropristis striata,Centropristis striata,https://www.fisheries.noaa.gov/species/black-sea-bass,Fish; Wild-Caught Seafood,; New England/Mid-AtlanticRegion; Southeast,NA,LC,LC,FALSE,Centropristis striata,159348,Species,TRUE,https://www.marinespecies.org/aphia.php?p=taxdetails&id=159348
Holothuria nobilis,Holothuria nobilis,https://www.fisheries.noaa.gov/species/black-teatfish,Invertebrates; Other,; Foreign,NA,LC,LC,FALSE,Holothuria nobilis,1672772,Species,TRUE,https://www.marinespecies.org/aphia.php?p=taxdetails&id=1672772
Rhinobatos cemiculus,Rhinobatos cemiculus,https://www.fisheries.noaa.gov/species/blackchin-guitarfish,Fish; Protected Fish,; Foreign,NA,LC,LC,FALSE,Glaucostegus cemiculus,1016062,Species,TRUE,https://www.marinespecies.org/aphia.php?p=taxdetails&id=1016062
Carcharhinus acronotus,Carcharhinus acronotus,https://www.fisheries.noaa.gov/species/blacknose-shark,Fish; Highly Migratory Fish; Sharks; Wild-Caught Seafood,; Southeast,NA,LC,LC,FALSE,Carcharhinus acronotus,158508,Species,TRUE,https://www.marinespecies.org/aphia.php?p=taxdetails&id=158508
Mesoplodon densirostris,Mesoplodon densirostris,https://www.fisheries.noaa.gov/species/blainvilles-beaked-whale,Whales,; New England/Mid-AtlanticRegion; Pacific IslandsRegion; SoutheastRegion; West Coast,NA,LC,LC,TRUE,Mesoplodon densirostris,137122,Species,TRUE,https://www.marinespecies.org/aphia.php?p=taxdetails&id=137122
Ictalurus furcatus,Ictalurus furcatus,https://www.fisheries.noaa.gov/species/blue-catfish,Fish; Wild-Caught Seafood,; New England/Mid-AtlanticRegion; Southeast,NA,LC,LC,FALSE,Ictalurus furcatus,275329,Species,FALSE,https://www.marinespecies.org/aphia.php?p=taxdetails&id=275329
Callinectes sapidus,Callinectes sapidus,https://www.fisheries.noaa.gov/species/blue-crab,Invertebrates; Crab; Wild-Caught Seafood,; New England/Mid-AtlanticRegion; Southeast,NA,LC,LC,FALSE,Callinectes sapidus,107379,Species,TRUE,https://www.marinespecies.org/aphia.php?p=taxdetails&id=107379
Mytilus edulis,Mytilus edulis,https://www.fisheries.noaa.gov/species/blue-mussel,"Invertebrates; Clams, Mussels, Oysters; Farmed Seafood",; AlaskaRegion; New England/Mid-AtlanticRegion; SoutheastRegion; West Coast,NA,LC,LC,FALSE,Mytilus edulis,140480,Species,TRUE,https://www.marinespecies.org/aphia.php?p=taxdetails&id=140480
Balaenoptera musculus,Balaenoptera musculus,https://www.fisheries.noaa.gov/species/blue-whale,Whales,; AlaskaRegion; New England/Mid-AtlanticRegion; Pacific IslandsRegion; SoutheastRegion; West Coast,NA,EN,EN,TRUE,Balaenoptera musculus,137090,Species,TRUE,https://www.marinespecies.org/aphia.php?p=taxdetails&id=137090
Pomatomus saltatrix,Pomatomus saltatrix,https://www.fisheries.noaa.gov/species/bluefish,Fish; Wild-Caught Seafood,; New England/Mid-AtlanticRegion; Southeast,NA,LC,LC,FALSE,Pomatomus saltatrix,151482,Species,TRUE,https://www.marinespecies.org/aphia.php?p=taxdetails&id=151482
Sebastes paucispinis,Sebastes paucispinis,https://www.fisheries.noaa.gov/species/bocaccio,Fish; Groundfish; Wild-Caught Seafood,; AlaskaRegion; West Coast; ; West Coast,NA,EN,EN,FALSE,Sebastes paucispinis,274833,Species,TRUE,https://www.marinespecies.org/aphia.php?p=taxdetails&id=274833
Sphyrna tiburo,Sphyrna tiburo,https://www.fisheries.noaa.gov/species/bonnethead-shark,Fish; Highly Migratory Fish; Sharks; Wild-Caught Seafood,; New England/Mid-AtlanticRegion; SoutheastRegion; West Coast,NA,LC,LC,FALSE,Sphyrna tiburo,158517,Species,TRUE,https://www.marinespecies.org/aphia.php?p=taxdetails&id=158517
Tridacna crocea,Tridacna crocea,https://www.fisheries.noaa.gov/species/boring-giant-clam,"Invertebrates; Clams, Mussels, Oysters",; Pacific Islands,NA,LC,LC,FALSE,Tridacna crocea,207673,Species,TRUE,https://www.marinespecies.org/aphia.php?p=taxdetails&id=207673
Orbicella franksi,Orbicella franksi,https://www.fisheries.noaa.gov/species/boulder-star-coral,Invertebrates; Corals,; Southeast,NA,TN,TN,FALSE,Orbicella franksi,758262,Species,TRUE,https://www.marinespecies.org/aphia.php?p=taxdetails&id=758262
Balaena mysticetus,Balaena mysticetus,https://www.fisheries.noaa.gov/species/bowhead-whale,Whales,; Alaska,NA,EN,EN,TRUE,Balaena mysticetus,137086,Species,TRUE,https://www.marinespecies.org/aphia.php?p=taxdetails&id=137086
Rhinobatos horkelii,Rhinobatos horkelii,https://www.fisheries.noaa.gov/species/brazilian-guitarfish,Fish; Protected Fish,; Foreign,NA,LC,LC,FALSE,Pseudobatos horkelii,1043490,Species,TRUE,https://www.marinespecies.org/aphia.php?p=taxdetails&id=1043490
Sicyonia brevirostris,Sicyonia brevirostris,https://www.fisheries.noaa.gov/species/brown-rock-shrimp,Invertebrates; Shrimp; Wild-Caught Seafood,; New England/Mid-AtlanticRegion; Southeast,NA,LC,LC,FALSE,Sicyonia brevirostris,158342,Species,TRUE,https://www.marinespecies.org/aphia.php?p=taxdetails&id=158342
Farfantepenaeus aztecus,Farfantepenaeus aztecus,https://www.fisheries.noaa.gov/species/brown-shrimp,Invertebrates; Shrimp; Wild-Caught Seafood,; New England/Mid-AtlanticRegion; Southeast,NA,LC,LC,FALSE,Penaeus (Farfantepenaeus) aztecus,1809216,Species,TRUE,https://www.marinespecies.org/aphia.php?p=taxdetails&id=1809216
Balaenoptera edeni,Balaenoptera edeni,https://www.fisheries.noaa.gov/species/brydes-whale,Whales,; New England/Mid-AtlanticRegion; Pacific IslandsRegion; SoutheastRegion; West Coast,NA,LC,LC,TRUE,Balaenoptera edeni,137089,Species,TRUE,https://www.marinespecies.org/aphia.php?p=taxdetails&id=137089
Peprilus triacanthus,Peprilus triacanthus,https://www.fisheries.noaa.gov/species/butterfish,Fish; Wild-Caught Seafood,; New England/Mid-AtlanticRegion; Southeast,NA,LC,LC,FALSE,Peprilus triacanthus,159828,Species,TRUE,https://www.marinespecies.org/aphia.php?p=taxdetails&id=159828
Zalophus californianus,Zalophus californianus,https://www.fisheries.noaa.gov/species/california-sea-lion,Seals & Sea Lions,; West Coast,NA,LC,LC,TRUE,Zalophus californianus,255003,Species,TRUE,https://www.marinespecies.org/aphia.php?p=taxdetails&id=255003
Sebastes pinniger,Sebastes pinniger,https://www.fisheries.noaa.gov/species/canary-rockfish,Fish; Wild-Caught Seafood,; AlaskaRegion; West Coast,NA,LC,LC,FALSE,Sebastes pinniger,274836,Species,TRUE,https://www.marinespecies.org/aphia.php?p=taxdetails&id=274836
Cantharellus noumeae,Cantharellus noumeae,https://www.fisheries.noaa.gov/species/cantharellus-noumeae-coral,Invertebrates; Corals,; Foreign,NA,LC,LC,FALSE,Cantharellus noumeae,289570,Species,TRUE,https://www.marinespecies.org/aphia.php?p=taxdetails&id=289570
Panulirus argus,Panulirus argus,https://www.fisheries.noaa.gov/species/caribbean-spiny-lobster,Invertebrates; Wild-Caught Seafood,; Southeast,NA,LC,LC,FALSE,Panulirus argus,382891,Species,TRUE,https://www.marinespecies.org/aphia.php?p=taxdetails&id=382891
Nautilus pompilius,Nautilus pompilius,https://www.fisheries.noaa.gov/species/chambered-nautilus,Invertebrates; Other,; Pacific Islands,NA,TN,TN,FALSE,Nautilus pompilius,216384,Species,TRUE,https://www.marinespecies.org/aphia.php?p=taxdetails&id=216384
Hippopus porcellanus,Hippopus porcellanus,https://www.fisheries.noaa.gov/species/china-clam,"Invertebrates; Clams, Mussels, Oysters",; Foreign,NA,LC,LC,FALSE,Hippopus porcellanus,382152,Species,TRUE,https://www.marinespecies.org/aphia.php?p=taxdetails&id=382152
Lipotes vexillifer,Lipotes vexillifer,https://www.fisheries.noaa.gov/species/chinese-river-dolphin,Dolphins & Porpoises,; Foreign,NA,LC,LC,TRUE,Lipotes vexillifer,254962,Species,FALSE,https://www.marinespecies.org/aphia.php?p=taxdetails&id=254962
Acipenser sinensis,Acipenser sinensis,https://www.fisheries.noaa.gov/species/chinese-sturgeon,Fish; Protected Fish,; Foreign,NA,LC,LC,FALSE,Sinosturio sinensis,1815698,Species,TRUE,https://www.marinespecies.org/aphia.php?p=taxdetails&id=1815698
Oncorhynchus tshawytscha,Oncorhynchus tshawytscha,https://www.fisheries.noaa.gov/species/chinook-salmon,Fish; Wild-Caught Seafood,; AlaskaRegion; West Coast; ; West Coast,NA,EN,EN,FALSE,Oncorhynchus tshawytscha,158075,Species,TRUE,https://www.marinespecies.org/aphia.php?p=taxdetails&id=158075
Oncorhynchus keta,Oncorhynchus keta,https://www.fisheries.noaa.gov/species/chum-salmon,Fish; Wild-Caught Seafood,; AlaskaRegion; West Coast; ; West Coast,NA,TN,TN,FALSE,Oncorhynchus keta,127183,Species,TRUE,https://www.marinespecies.org/aphia.php?p=taxdetails&id=127183
Stenella clymene,Stenella clymene,https://www.fisheries.noaa.gov/species/clymene-dolphin,Dolphins & Porpoises,; New England/Mid-AtlanticRegion; Southeast,NA,LC,LC,TRUE,Stenella clymene,137106,Species,TRUE,https://www.marinespecies.org/aphia.php?p=taxdetails&id=137106
Rachycentron canadum,Rachycentron canadum,https://www.fisheries.noaa.gov/species/cobia,Fish; Wild-Caught Seafood,; New England/Mid-AtlanticRegion; Southeast,NA,LC,LC,FALSE,Rachycentron canadum,127006,Species,TRUE,https://www.marinespecies.org/aphia.php?p=taxdetails&id=127006
Oncorhynchus kisutch,Oncorhynchus kisutch,https://www.fisheries.noaa.gov/species/coho-salmon,Fish; Wild-Caught Seafood,; AlaskaRegion; West Coast; ; West Coast,NA,EN,EN,FALSE,Oncorhynchus kisutch,127184,Species,TRUE,https://www.marinespecies.org/aphia.php?p=taxdetails&id=127184
Squatina squatina,Squatina squatina,https://www.fisheries.noaa.gov/species/common-angelshark,Fish; Protected Fish; Sharks,; Foreign,NA,LC,LC,FALSE,Squatina squatina,105928,Species,TRUE,https://www.marinespecies.org/aphia.php?p=taxdetails&id=105928
Tursiops truncatus,Tursiops truncatus,https://www.fisheries.noaa.gov/species/common-bottlenose-dolphin,Dolphins & Porpoises,; New England/Mid-AtlanticRegion; Pacific IslandsRegion; SoutheastRegion; West Coast,NA,LC,LC,TRUE,Tursiops truncatus,137111,Species,TRUE,https://www.marinespecies.org/aphia.php?p=taxdetails&id=137111
Rhinobatos rhinobatos,Rhinobatos rhinobatos,https://www.fisheries.noaa.gov/species/common-guitarfish,Fish; Protected Fish,; Foreign,NA,LC,LC,FALSE,Rhinobatos rhinobatos,105898,Species,TRUE,https://www.marinespecies.org/aphia.php?p=taxdetails&id=105898
Pristipomoides filamentosus,Pristipomoides filamentosus,https://www.fisheries.noaa.gov/species/crimson-jobfish-opakapaka,Fish; Wild-Caught Seafood,; Pacific Islands,NA,LC,LC,FALSE,Pristipomoides filamentosus,218511,Species,TRUE,https://www.marinespecies.org/aphia.php?p=taxdetails&id=218511
Ziphius cavirostris,Ziphius cavirostris,https://www.fisheries.noaa.gov/species/cuviers-beaked-whale,Whales,; AlaskaRegion; New England/Mid-AtlanticRegion; Pacific IslandsRegion; SoutheastRegion; West Coast,NA,LC,LC,TRUE,Ziphius cavirostris,137127,Species,TRUE,https://www.marinespecies.org/aphia.php?p=taxdetails&id=137127
Isogomphodon oxyrhynchus,Isogomphodon oxyrhynchus,https://www.fisheries.noaa.gov/species/daggernose-shark,Fish; Protected Fish; Sharks,; Foreign,NA,LC,LC,FALSE,Isogomphodon oxyrhynchus,281186,Species,TRUE,https://www.marinespecies.org/aphia.php?p=taxdetails&id=281186
Phocoenoides dalli,Phocoenoides dalli,https://www.fisheries.noaa.gov/species/dalls-porpoise,Dolphins & Porpoises,; AlaskaRegion; West Coast,NA,LC,LC,TRUE,Phocoenoides dalli,254987,Species,TRUE,https://www.marinespecies.org/aphia.php?p=taxdetails&id=254987
Tridacna mbalavuana,Tridacna mbalavuana,https://www.fisheries.noaa.gov/species/devil-clam,"Invertebrates; Clams, Mussels, Oysters",; Foreign,NA,LC,LC,FALSE,Tridacna mbalavuana,466759,Species,TRUE,https://www.marinespecies.org/aphia.php?p=taxdetails&id=466759
Microstomus pacificus,Microstomus pacificus,https://www.fisheries.noaa.gov/species/dover-sole,Fish; Wild-Caught Seafood,; AlaskaRegion; West Coast,NA,LC,LC,FALSE,Microstomus pacificus,274294,Species,TRUE,https://www.marinespecies.org/aphia.php?p=taxdetails&id=274294
Aipysurus fuscus,Aipysurus fuscus,https://www.fisheries.noaa.gov/species/dusky-sea-snake,Other,; Foreign,NA,LC,LC,FALSE,Aipysurus fuscus,344639,Species,TRUE,https://www.marinespecies.org/aphia.php?p=taxdetails&id=344639
Pristis clavata,Pristis clavata,https://www.fisheries.noaa.gov/species/dwarf-sawfish,Fish; Protected Fish,; Foreign,NA,LC,LC,FALSE,Pristis clavata,271422,Species,TRUE,https://www.marinespecies.org/aphia.php?p=taxdetails&id=271422
Hippocampus zosterae,Hippocampus zosterae,https://www.fisheries.noaa.gov/species/dwarf-seahorse,Fish,; Southeast,NA,LC,LC,FALSE,Hippocampus zosterae,275213,Species,TRUE,https://www.marinespecies.org/aphia.php?p=taxdetails&id=275213
Kogia sima,Kogia sima,https://www.fisheries.noaa.gov/species/dwarf-sperm-whale,Whales,; New England/Mid-AtlanticRegion; Pacific IslandsRegion; SoutheastRegion; West Coast,NA,LC,LC,TRUE,Kogia sima,159025,Species,TRUE,https://www.marinespecies.org/aphia.php?p=taxdetails&id=159025
Crassostrea virginica,Crassostrea virginica,https://www.fisheries.noaa.gov/species/eastern-oyster,"Invertebrates; Clams, Mussels, Oysters; Farmed Seafood",; New England/Mid-AtlanticRegion; Southeast,NA,LC,LC,FALSE,Crassostrea virginica,140657,Species,TRUE,https://www.marinespecies.org/aphia.php?p=taxdetails&id=140657
Acropora palmata,Acropora palmata,https://www.fisheries.noaa.gov/species/elkhorn-coral,Invertebrates; Corals,; Southeast,NA,TN,TN,FALSE,Acropora palmata,288227,Species,TRUE,https://www.marinespecies.org/aphia.php?p=taxdetails&id=288227
Parophrys vetulus,Parophrys vetulus,https://www.fisheries.noaa.gov/species/english-sole,Fish; Wild-Caught Seafood,; AlaskaRegion; West Coast,NA,LC,LC,FALSE,Parophrys vetulus,254393,Species,TRUE,https://www.marinespecies.org/aphia.php?p=taxdetails&id=254393
Thaleichthys pacificus,Thaleichthys pacificus,https://www.fisheries.noaa.gov/species/eulachon,Fish; Protected Fish,; AlaskaRegion; West Coast,NA,TN,TN,FALSE,Thaleichthys pacificus,282959,Species,TRUE,https://www.marinespecies.org/aphia.php?p=taxdetails&id=282959
Acipenser sturio,Acipenser sturio,https://www.fisheries.noaa.gov/species/european-sturgeon,Fish; Protected Fish,; Foreign,NA,LC,LC,FALSE,Acipenser sturio,126279,Species,TRUE,https://www.marinespecies.org/aphia.php?p=taxdetails&id=126279
Pseudorca crassidens,Pseudorca crassidens,https://www.fisheries.noaa.gov/species/false-killer-whale,Dolphins & Porpoises; Whales,; AlaskaRegion; Pacific IslandsRegion; SoutheastRegion; West Coast,NA,EN,EN,TRUE,Pseudorca crassidens,137104,Species,TRUE,https://www.marinespecies.org/aphia.php?p=taxdetails&id=137104
Fimbriaphyllia paradivisa,Fimbriaphyllia paradivisa,https://www.fisheries.noaa.gov/species/fimbriaphyllia-paradivisa-coral,Invertebrates; Corals,; Pacific Islands,NA,TN,TN,FALSE,Fimbriaphyllia paradivisa,1048080,Species,TRUE,https://www.marinespecies.org/aphia.php?p=taxdetails&id=1048080
Balaenoptera physalus,Balaenoptera physalus,https://www.fisheries.noaa.gov/species/fin-whale,Whales,; AlaskaRegion; New England/Mid-AtlanticRegion; Pacific IslandsRegion; SoutheastRegion; West Coast,NA,EN,EN,TRUE,Balaenoptera physalus,137091,Species,TRUE,https://www.marinespecies.org/aphia.php?p=taxdetails&id=137091
Carcharhinus isodon,Carcharhinus isodon,https://www.fisheries.noaa.gov/species/finetooth-shark,Fish; Highly Migratory Fish; Sharks; Wild-Caught Seafood,; New England/Mid-AtlanticRegion; Southeast,NA,LC,LC,FALSE,Carcharhinus isodon,105791,Species,TRUE,https://www.marinespecies.org/aphia.php?p=taxdetails&id=105791
Hippoglossoides elassodon,Hippoglossoides elassodon,https://www.fisheries.noaa.gov/species/flathead-sole,Fish; Wild-Caught Seafood,; AlaskaRegion; West Coast,NA,LC,LC,FALSE,Hippoglossoides elassodon,274289,Species,TRUE,https://www.marinespecies.org/aphia.php?p=taxdetails&id=274289
Tridacna squamosa,Tridacna squamosa,https://www.fisheries.noaa.gov/species/fluted-giant-clam,"Invertebrates; Clams, Mussels, Oysters",; Pacific Islands,NA,LC,LC,FALSE,Tridacna squamosa,207674,Species,TRUE,https://www.marinespecies.org/aphia.php?p=taxdetails&id=207674
Lagenodelphis hosei,Lagenodelphis hosei,https://www.fisheries.noaa.gov/species/frasers-dolphin,Dolphins & Porpoises,; Pacific IslandsRegion; Southeast,NA,LC,LC,TRUE,Lagenodelphis hosei,137099,Species,TRUE,https://www.marinespecies.org/aphia.php?p=taxdetails&id=137099
Mycteroperca microlepis,Mycteroperca microlepis,https://www.fisheries.noaa.gov/species/gag-grouper,Fish; Wild-Caught Seafood,; Southeast,NA,LC,LC,FALSE,Mycteroperca microlepis,273880,Species,TRUE,https://www.marinespecies.org/aphia.php?p=taxdetails&id=273880
Panopea generosa,Panopea generosa,https://www.fisheries.noaa.gov/species/geoduck,"Invertebrates; Clams, Mussels, Oysters; Farmed Seafood",; AlaskaRegion; West Coast,NA,LC,LC,FALSE,Panopea generosa,545994,Species,TRUE,https://www.marinespecies.org/aphia.php?p=taxdetails&id=545994
Mesoplodon europaeus,Mesoplodon europaeus,https://www.fisheries.noaa.gov/species/gervais-beaked-whale,Whales,; New England/Mid-AtlanticRegion; Southeast,NA,LC,LC,TRUE,Mesoplodon europaeus,137123,Species,TRUE,https://www.marinespecies.org/aphia.php?p=taxdetails&id=137123
Mobula birostris,Mobula birostris,https://www.fisheries.noaa.gov/species/giant-manta-ray,Fish; Protected Fish,; New England/Mid-AtlanticRegion; Pacific IslandsRegion; SoutheastRegion; West Coast,NA,TN,TN,FALSE,Mobula birostris,1026118,Species,TRUE,https://www.marinespecies.org/aphia.php?p=taxdetails&id=1026118
Lopholatilus chamaeleonticeps,Lopholatilus chamaeleonticeps,https://www.fisheries.noaa.gov/species/golden-tilefish,Fish; Wild-Caught Seafood,; New England/Mid-AtlanticRegion; Southeast,NA,LC,LC,FALSE,Lopholatilus chamaeleonticeps,159406,Species,TRUE,https://www.marinespecies.org/aphia.php?p=taxdetails&id=159406
Halichoerus grypus,Halichoerus grypus,https://www.fisheries.noaa.gov/species/gray-seal,Seals & Sea Lions,; New England/Mid-Atlantic,NA,LC,LC,TRUE,Halichoerus grypus,137080,Species,TRUE,https://www.marinespecies.org/aphia.php?p=taxdetails&id=137080
Balistes capriscus,Balistes capriscus,https://www.fisheries.noaa.gov/species/gray-triggerfish,Fish; Wild-Caught Seafood,; Southeast,NA,LC,LC,FALSE,Balistes capriscus,154721,Species,TRUE,https://www.marinespecies.org/aphia.php?p=taxdetails&id=154721
Eschrichtius robustus,Eschrichtius robustus,https://www.fisheries.noaa.gov/species/gray-whale,Whales,; AlaskaRegion; West Coast,NA,EN,EN,TRUE,Eschrichtius robustus,137112,Species,TRUE,https://www.marinespecies.org/aphia.php?p=taxdetails&id=137112
Seriola dumerili,Seriola dumerili,https://www.fisheries.noaa.gov/species/greater-amberjack,Fish; Wild-Caught Seafood,; New England/Mid-AtlanticRegion; Southeast,NA,LC,LC,FALSE,Seriola dumerili,126816,Species,TRUE,https://www.marinespecies.org/aphia.php?p=taxdetails&id=126816
Haliotis fulgens,Haliotis fulgens,https://www.fisheries.noaa.gov/species/green-abalone,Invertebrates; Abalone,; West Coast,NA,LC,LC,FALSE,Haliotis fulgens,445325,Species,TRUE,https://www.marinespecies.org/aphia.php?p=taxdetails&id=445325
Pristis zijsron,Pristis zijsron,https://www.fisheries.noaa.gov/species/green-sawfish,Fish; Protected Fish,; Foreign,NA,LC,LC,FALSE,Pristis zijsron,217375,Species,TRUE,https://www.marinespecies.org/aphia.php?p=taxdetails&id=217375
Acipenser medirostris,Acipenser medirostris,https://www.fisheries.noaa.gov/species/green-sturgeon,Fish; Protected Fish,; AlaskaRegion; West Coast,NA,TN,TN,FALSE,Sinosturio medirostris,1815696,Species,TRUE,https://www.marinespecies.org/aphia.php?p=taxdetails&id=1815696
Chelonia mydas,Chelonia mydas,https://www.fisheries.noaa.gov/species/green-turtle,Sea Turtles,; New England/Mid-AtlanticRegion; Pacific IslandsRegion; SoutheastRegion; West Coast,NA,EN,EN,FALSE,Chelonia mydas,137206,Species,TRUE,https://www.marinespecies.org/aphia.php?p=taxdetails&id=137206
Reinhardtius hippoglossoides,Reinhardtius hippoglossoides,https://www.fisheries.noaa.gov/species/greenland-turbot,Fish; Wild-Caught Seafood,; Alaska,NA,LC,LC,FALSE,Reinhardtius hippoglossoides,127144,Species,TRUE,https://www.marinespecies.org/aphia.php?p=taxdetails&id=127144
Arctocephalus townsendi,Arctocephalus townsendi,https://www.fisheries.noaa.gov/species/guadalupe-fur-seal,Seals & Sea Lions,; AlaskaRegion; West Coast,NA,TN,TN,TRUE,Arctocephalus philippii townsendi,477319,Subspecies,TRUE,https://www.marinespecies.org/aphia.php?p=taxdetails&id=477319
Mycteroperca jordani,Mycteroperca jordani,https://www.fisheries.noaa.gov/species/gulf-grouper,Fish; Protected Fish,; Foreign,NA,LC,LC,FALSE,Mycteroperca jordani,273879,Species,TRUE,https://www.marinespecies.org/aphia.php?p=taxdetails&id=273879
Acipenser oxyrinchus desotoi,Acipenser oxyrinchus desotoi,https://www.fisheries.noaa.gov/species/gulf-sturgeon,Fish; Protected Fish,; Southeast,NA,TN,TN,FALSE,Acipenser desotoi,1805509,Species,TRUE,https://www.marinespecies.org/aphia.php?p=taxdetails&id=1805509
Melanogrammus aeglefinus,Melanogrammus aeglefinus,https://www.fisheries.noaa.gov/species/haddock,Fish; Groundfish; Wild-Caught Seafood,; New England/Mid-Atlantic,NA,LC,LC,FALSE,Melanogrammus aeglefinus,126437,Species,TRUE,https://www.marinespecies.org/aphia.php?p=taxdetails&id=126437
Phocoena phocoena,Phocoena phocoena,https://www.fisheries.noaa.gov/species/harbor-porpoise,Dolphins & Porpoises,; AlaskaRegion; New England/Mid-AtlanticRegion; SoutheastRegion; West Coast,NA,LC,LC,TRUE,Phocoena phocoena,137117,Species,TRUE,https://www.marinespecies.org/aphia.php?p=taxdetails&id=137117
Phoca vitulina,Phoca vitulina,https://www.fisheries.noaa.gov/species/harbor-seal,Seals & Sea Lions,; AlaskaRegion; New England/Mid-AtlanticRegion; SoutheastRegion; West Coast,NA,LC,LC,TRUE,Phoca vitulina,137084,Species,TRUE,https://www.marinespecies.org/aphia.php?p=taxdetails&id=137084
Pagophilus groenlandicus,Pagophilus groenlandicus,https://www.fisheries.noaa.gov/species/harp-seal,Seals & Sea Lions,; New England/Mid-Atlantic,NA,LC,LC,TRUE,Pagophilus groenlandicus,159019,Species,TRUE,https://www.marinespecies.org/aphia.php?p=taxdetails&id=159019
Neomonachus schauinslandi,Neomonachus schauinslandi,https://www.fisheries.noaa.gov/species/hawaiian-monk-seal,Seals & Sea Lions,; Pacific Islands,NA,EN,EN,TRUE,Neomonachus schauinslandi,1663107,Species,TRUE,https://www.marinespecies.org/aphia.php?p=taxdetails&id=1663107
Eretmochelys imbricata,Eretmochelys imbricata,https://www.fisheries.noaa.gov/species/hawksbill-turtle,Sea Turtles,; Pacific IslandsRegion; Southeast,NA,EN,EN,FALSE,Eretmochelys imbricata,137207,Species,TRUE,https://www.marinespecies.org/aphia.php?p=taxdetails&id=137207
Cephalorhynchus hectori,Cephalorhynchus hectori,https://www.fisheries.noaa.gov/species/hectors-dolphin,Dolphins & Porpoises,; Foreign,NA,LC,LC,TRUE,Cephalorhynchus hectori,254979,Species,TRUE,https://www.marinespecies.org/aphia.php?p=taxdetails&id=254979
Cystophora cristata,Cystophora cristata,https://www.fisheries.noaa.gov/species/hooded-seal,Seals & Sea Lions,; New England/Mid-Atlantic,NA,LC,LC,TRUE,Cystophora cristata,137078,Species,TRUE,https://www.marinespecies.org/aphia.php?p=taxdetails&id=137078
Hippopus hippopus,Hippopus hippopus,https://www.fisheries.noaa.gov/species/horses-hoof-clam,"Invertebrates; Clams, Mussels, Oysters",; Pacific Islands,NA,LC,LC,FALSE,Hippopus hippopus,216411,Species,TRUE,https://www.marinespecies.org/aphia.php?p=taxdetails&id=216411
Megaptera novaeangliae,Megaptera novaeangliae,https://www.fisheries.noaa.gov/species/humpback-whale,Whales,; AlaskaRegion; New England/Mid-AtlanticRegion; Pacific IslandsRegion; SoutheastRegion; West Coast,NA,EN,EN,TRUE,Megaptera novaeangliae,137092,Species,TRUE,https://www.marinespecies.org/aphia.php?p=taxdetails&id=137092
Platanista gangetica minor,Platanista gangetica minor,https://www.fisheries.noaa.gov/species/indus-river-dolphin,Dolphins & Porpoises,; Foreign,NA,LC,LC,TRUE,Platanista gangetica minor,254969,Subspecies,FALSE,https://www.marinespecies.org/aphia.php?p=taxdetails&id=254969
Mycteroperca fusca,Mycteroperca fusca,https://www.fisheries.noaa.gov/species/island-grouper,Fish; Protected Fish; Reef Fish,; Foreign,NA,LC,LC,FALSE,Mycteroperca fusca,127038,Species,TRUE,https://www.marinespecies.org/aphia.php?p=taxdetails&id=127038
Isopora crateriformis,Isopora crateriformis,https://www.fisheries.noaa.gov/species/isopora-crateriformis-coral,Invertebrates; Corals,; Pacific Islands,NA,TN,TN,FALSE,Isopora crateriformis,730691,Species,TRUE,https://www.marinespecies.org/aphia.php?p=taxdetails&id=730691
Cancer borealis,Cancer borealis,https://www.fisheries.noaa.gov/species/jonah-crab,Invertebrates; Crab; Wild-Caught Seafood,; New England/Mid-Atlantic,NA,LC,LC,FALSE,Cancer borealis,158056,Species,TRUE,https://www.marinespecies.org/aphia.php?p=taxdetails&id=158056
Huso dauricus,Huso dauricus,https://www.fisheries.noaa.gov/species/kaluga-sturgeon,Fish; Protected Fish,; Foreign,NA,LC,LC,FALSE,Sinosturio dauricus,1815695,Species,TRUE,https://www.marinespecies.org/aphia.php?p=taxdetails&id=1815695
Lepidochelys kempii,Lepidochelys kempii,https://www.fisheries.noaa.gov/species/kemps-ridley-turtle,Sea Turtles,; New England/Mid-AtlanticRegion; Southeast,NA,EN,EN,FALSE,Lepidochelys kempii,137208,Species,TRUE,https://www.marinespecies.org/aphia.php?p=taxdetails&id=137208
Orcinus orca,Orcinus orca,https://www.fisheries.noaa.gov/species/killer-whale,Dolphins & Porpoises; Whales,; AlaskaRegion; New England/Mid-AtlanticRegion; Pacific IslandsRegion; SoutheastRegion; West Coast,NA,EN,EN,TRUE,Orcinus orca,137102,Species,TRUE,https://www.marinespecies.org/aphia.php?p=taxdetails&id=137102
Scomberomorus cavalla,Scomberomorus cavalla,https://www.fisheries.noaa.gov/species/king-mackerel,Fish; Wild-Caught Seafood,; Southeast,NA,LC,LC,FALSE,Scomberomorus cavalla,159340,Species,TRUE,https://www.marinespecies.org/aphia.php?p=taxdetails&id=159340
Pristis pristis,Pristis pristis,https://www.fisheries.noaa.gov/species/largetooth-sawfish,Fish; Protected Fish,; Foreign,NA,LC,LC,FALSE,Pristis pristis,105849,Species,TRUE,https://www.marinespecies.org/aphia.php?p=taxdetails&id=105849
Dermochelys coriacea,Dermochelys coriacea,https://www.fisheries.noaa.gov/species/leatherback-turtle,Sea Turtles,; AlaskaRegion; New England/Mid-AtlanticRegion; Pacific IslandsRegion; SoutheastRegion; West Coast,NA,EN,EN,FALSE,Dermochelys coriacea,137209,Species,TRUE,https://www.marinespecies.org/aphia.php?p=taxdetails&id=137209
Ophiodon elongatus,Ophiodon elongatus,https://www.fisheries.noaa.gov/species/lingcod,Fish; Wild-Caught Seafood,; West Coast,NA,LC,LC,FALSE,Ophiodon elongatus,240745,Species,TRUE,https://www.marinespecies.org/aphia.php?p=taxdetails&id=240745
Orbicella annularis,Orbicella annularis,https://www.fisheries.noaa.gov/species/lobed-star-coral,Invertebrates; Corals,; Southeast,NA,TN,TN,FALSE,Orbicella annularis,758260,Species,TRUE,https://www.marinespecies.org/aphia.php?p=taxdetails&id=758260
Caretta caretta,Caretta caretta,https://www.fisheries.noaa.gov/species/loggerhead-turtle,Sea Turtles,; New England/Mid-AtlanticRegion; Pacific IslandsRegion; SoutheastRegion; West Coast,NA,EN,EN,FALSE,Caretta caretta,137205,Species,TRUE,https://www.marinespecies.org/aphia.php?p=taxdetails&id=137205
Delphinus delphis,Delphinus capensis,https://www.fisheries.noaa.gov/species/long-beaked-common-dolphin,Dolphins & Porpoises,; West Coast; ; New England/Mid-AtlanticRegion; Pacific IslandsRegion; SoutheastRegion; West Coast,NA,LC,LC,TRUE,Delphinus delphis,137094,Species,TRUE,https://www.marinespecies.org/aphia.php?p=taxdetails&id=137094
Globicephala melas,Globicephala melas,https://www.fisheries.noaa.gov/species/long-finned-pilot-whale,Dolphins & Porpoises; Whales,; New England/Mid-AtlanticRegion; Southeast,NA,LC,LC,TRUE,Globicephala melas,137097,Species,TRUE,https://www.marinespecies.org/aphia.php?p=taxdetails&id=137097
Indopacetus pacificus,Indopacetus pacificus,https://www.fisheries.noaa.gov/species/longmans-beaked-whale,Whales,; Pacific Islands,NA,LC,LC,TRUE,Indopacetus pacificus,231418,Species,TRUE,https://www.marinespecies.org/aphia.php?p=taxdetails&id=231418
Etelis coruscans,Etelis coruscans,https://www.fisheries.noaa.gov/species/longtail-red-snapper-onaga,Fish; Wild-Caught Seafood,; Pacific Islands,NA,LC,LC,FALSE,Etelis coruscans,212544,Species,TRUE,https://www.marinespecies.org/aphia.php?p=taxdetails&id=212544
Monachus monachus,Monachus monachus,https://www.fisheries.noaa.gov/species/mediterranean-monk-seal,Seals & Sea Lions,; Foreign,NA,LC,LC,TRUE,Monachus monachus,137081,Species,TRUE,https://www.marinespecies.org/aphia.php?p=taxdetails&id=137081
Peponocephala electra,Peponocephala electra,https://www.fisheries.noaa.gov/species/melon-headed-whale,Dolphins & Porpoises; Whales,; New England/Mid-AtlanticRegion; Pacific IslandsRegion; SoutheastRegion; West Coast,NA,LC,LC,TRUE,Peponocephala electra,137103,Species,TRUE,https://www.marinespecies.org/aphia.php?p=taxdetails&id=137103
Balaenoptera acutorostrata,Balaenoptera acutorostrata,https://www.fisheries.noaa.gov/species/minke-whale,Whales,; AlaskaRegion; New England/Mid-AtlanticRegion; Pacific IslandsRegion; SoutheastRegion; West Coast,NA,LC,LC,TRUE,Balaenoptera acutorostrata,137087,Species,TRUE,https://www.marinespecies.org/aphia.php?p=taxdetails&id=137087
Lophius americanus,Lophius americanus,https://www.fisheries.noaa.gov/species/monkfish,Fish; Wild-Caught Seafood,; New England/Mid-AtlanticRegion; Southeast,NA,LC,LC,FALSE,Lophius americanus,159184,Species,TRUE,https://www.marinespecies.org/aphia.php?p=taxdetails&id=159184
Montipora australiensis,Montipora australiensis,https://www.fisheries.noaa.gov/species/montipora-australiensis-coral,Invertebrates; Corals,; Foreign,NA,LC,LC,FALSE,Montipora australiensis,287693,Species,TRUE,https://www.marinespecies.org/aphia.php?p=taxdetails&id=287693
Orbicella faveolata,Orbicella faveolata,https://www.fisheries.noaa.gov/species/mountainous-star-coral,Invertebrates; Corals,; Southeast,NA,TN,TN,FALSE,Orbicella faveolata,758261,Species,TRUE,https://www.marinespecies.org/aphia.php?p=taxdetails&id=758261
Anoxypristis cuspidata,Anoxypristis cuspidata,https://www.fisheries.noaa.gov/species/narrow-sawfish,Fish; Protected Fish,; Foreign,NA,LC,LC,FALSE,Anoxypristis cuspidata,217374,Species,TRUE,https://www.marinespecies.org/aphia.php?p=taxdetails&id=217374
Mustelus schmitti,Mustelus schmitti,https://www.fisheries.noaa.gov/species/narrownose-smoothhound-shark,Fish; Protected Fish; Sharks,; Foreign,NA,LC,LC,FALSE,Mustelus schmitti,271393,Species,TRUE,https://www.marinespecies.org/aphia.php?p=taxdetails&id=271393
Monodon monoceros,Monodon monoceros,https://www.fisheries.noaa.gov/species/narwhal,Whales,; Alaska,NA,LC,LC,TRUE,Monodon monoceros,137116,Species,TRUE,https://www.marinespecies.org/aphia.php?p=taxdetails&id=137116
Epinephelus striatus,Epinephelus striatus,https://www.fisheries.noaa.gov/species/nassau-grouper,Fish; Protected Fish; Reef Fish,; Southeast,NA,TN,TN,FALSE,Epinephelus striatus,159222,Species,TRUE,https://www.marinespecies.org/aphia.php?p=taxdetails&id=159222
Tridacna noae,Tridacna noae,https://www.fisheries.noaa.gov/species/noahs-giant-clam,"Invertebrates; Clams, Mussels, Oysters",; Pacific Islands,NA,LC,LC,FALSE,Tridacna noae,207671,Species,TRUE,https://www.marinespecies.org/aphia.php?p=taxdetails&id=207671
Thunnus alalunga,Thunnus alalunga,https://www.fisheries.noaa.gov/species/north-atlantic-albacore-tuna,Fish; Highly Migratory Fish; Wild-Caught Seafood,; New England/Mid-AtlanticRegion; Southeast; ; Pacific IslandsRegion; West Coast,NA,LC,LC,FALSE,Thunnus alalunga,127026,Species,TRUE,https://www.marinespecies.org/aphia.php?p=taxdetails&id=127026
Eubalaena glacialis,Eubalaena glacialis,https://www.fisheries.noaa.gov/species/north-atlantic-right-whale,Whales,; New England/Mid-AtlanticRegion; Southeast,NA,EN,EN,TRUE,Eubalaena glacialis,159023,Species,TRUE,https://www.marinespecies.org/aphia.php?p=taxdetails&id=159023
Xiphias gladius,Xiphias gladius,https://www.fisheries.noaa.gov/species/north-atlantic-swordfish,Fish; Highly Migratory Fish; Wild-Caught Seafood,; New England/Mid-AtlanticRegion; Southeast; ; Pacific IslandsRegion; West Coast,NA,LC,LC,FALSE,Xiphias gladius,127094,Species,TRUE,https://www.marinespecies.org/aphia.php?p=taxdetails&id=127094
Eubalaena japonica,Eubalaena japonica,https://www.fisheries.noaa.gov/species/north-pacific-right-whale,Whales,; AlaskaRegion; West Coast,NA,EN,EN,TRUE,Eubalaena japonica,254974,Species,TRUE,https://www.marinespecies.org/aphia.php?p=taxdetails&id=254974
Engraulis mordax,Engraulis mordax,https://www.fisheries.noaa.gov/species/northern-anchovy,Fish; Wild-Caught Seafood,; West Coast,NA,LC,LC,FALSE,Engraulis mordax,272286,Species,TRUE,https://www.marinespecies.org/aphia.php?p=taxdetails&id=272286
Hyperoodon ampullatus,Hyperoodon ampullatus,https://www.fisheries.noaa.gov/species/northern-bottlenose-whale,Whales,; New England/Mid-Atlantic,NA,LC,LC,TRUE,Hyperoodon ampullatus,343899,Species,TRUE,https://www.marinespecies.org/aphia.php?p=taxdetails&id=343899
Mirounga angustirostris,Mirounga angustirostris,https://www.fisheries.noaa.gov/species/northern-elephant-seal,Seals & Sea Lions,; AlaskaRegion; West Coast,NA,LC,LC,TRUE,Mirounga angustirostris,255018,Species,TRUE,https://www.marinespecies.org/aphia.php?p=taxdetails&id=255018
Callorhinus ursinus,Callorhinus ursinus,https://www.fisheries.noaa.gov/species/northern-fur-seal,Seals & Sea Lions,; AlaskaRegion; West Coast,NA,LC,LC,TRUE,Callorhinus ursinus,254997,Species,TRUE,https://www.marinespecies.org/aphia.php?p=taxdetails&id=254997
Mercenaria mercenaria,Mercenaria mercenaria,https://www.fisheries.noaa.gov/species/northern-quahog,"Invertebrates; Clams, Mussels, Oysters; Farmed Seafood",; New England/Mid-AtlanticRegion; Southeast,NA,LC,LC,FALSE,Mercenaria mercenaria,141919,Species,TRUE,https://www.marinespecies.org/aphia.php?p=taxdetails&id=141919
Lissodelphis borealis,Lissodelphis borealis,https://www.fisheries.noaa.gov/species/northern-right-whale-dolphin,Dolphins & Porpoises,; West Coast,NA,LC,LC,TRUE,Lissodelphis borealis,254975,Species,TRUE,https://www.marinespecies.org/aphia.php?p=taxdetails&id=254975
Zoarces americanus,Zoarces americanus,https://www.fisheries.noaa.gov/species/ocean-pout,Fish; Groundfish; Wild-Caught Seafood,; New England/Mid-Atlantic,NA,LC,LC,FALSE,Zoarces americanus,159267,Species,TRUE,https://www.marinespecies.org/aphia.php?p=taxdetails&id=159267
Arctica islandica,Arctica islandica,https://www.fisheries.noaa.gov/species/ocean-quahog,"Invertebrates; Clams, Mussels, Oysters; Wild-Caught Seafood",; New England/Mid-AtlanticRegion; Southeast,NA,LC,LC,FALSE,Arctica islandica,138802,Species,TRUE,https://www.marinespecies.org/aphia.php?p=taxdetails&id=138802
Carcharhinus longimanus,Carcharhinus longimanus,https://www.fisheries.noaa.gov/species/oceanic-whitetip-shark,Fish; Highly Migratory Fish; Protected Fish; Sharks,; New England/Mid-AtlanticRegion; Pacific IslandsRegion; SoutheastRegion; West Coast,NA,TN,TN,FALSE,Carcharhinus longimanus,105794,Species,TRUE,https://www.marinespecies.org/aphia.php?p=taxdetails&id=105794
Lepidochelys olivacea,Lepidochelys olivacea,https://www.fisheries.noaa.gov/species/olive-ridley-turtle,Sea Turtles,; Pacific IslandsRegion; SoutheastRegion; West Coast,NA,EN,EN,FALSE,Lepidochelys olivacea,220293,Species,TRUE,https://www.marinespecies.org/aphia.php?p=taxdetails&id=220293
Lampris,"Lampris guttatus, Lampris spp.",https://www.fisheries.noaa.gov/species/opah,Fish; Wild-Caught Seafood,; New England/Mid-AtlanticRegion; Pacific IslandsRegion; SoutheastRegion; West Coast,NA,LC,LC,FALSE,Lampris,125783,Genus,TRUE,https://www.marinespecies.org/aphia.php?p=taxdetails&id=125783
Makaira nigricans,Makaira nigricans,https://www.fisheries.noaa.gov/species/pacific-blue-marlin,Fish; Wild-Caught Seafood,; Pacific Islands,NA,LC,LC,FALSE,Makaira nigricans,126950,Species,TRUE,https://www.marinespecies.org/aphia.php?p=taxdetails&id=126950
Thunnus orientalis,Thunnus orientalis,https://www.fisheries.noaa.gov/species/pacific-bluefin-tuna,Fish; Highly Migratory Fish; Wild-Caught Seafood,; Pacific IslandsRegion; West Coast,NA,LC,LC,FALSE,Thunnus orientalis,273823,Species,TRUE,https://www.marinespecies.org/aphia.php?p=taxdetails&id=273823
Gadus macrocephalus,Gadus macrocephalus,https://www.fisheries.noaa.gov/species/pacific-cod,Fish; Wild-Caught Seafood,; AlaskaRegion; West Coast,NA,LC,LC,FALSE,Gadus macrocephalus,254538,Species,TRUE,https://www.marinespecies.org/aphia.php?p=taxdetails&id=254538
Hippoglossus stenolepis,Hippoglossus stenolepis,https://www.fisheries.noaa.gov/species/pacific-halibut,Fish; Wild-Caught Seafood,; AlaskaRegion; West Coast,NA,LC,LC,FALSE,Hippoglossus stenolepis,274290,Species,TRUE,https://www.marinespecies.org/aphia.php?p=taxdetails&id=274290
Clupea pallasii,Clupea pallasii,https://www.fisheries.noaa.gov/species/pacific-herring,Fish,; AlaskaRegion; West Coast,NA,LC,LC,FALSE,Clupea pallasii,151159,Species,TRUE,https://www.marinespecies.org/aphia.php?p=taxdetails&id=151159
Scomber japonicus,Scomber japonicus,https://www.fisheries.noaa.gov/species/pacific-mackerel,Fish; Wild-Caught Seafood,; West Coast,NA,LC,LC,FALSE,Scomber japonicus,127022,Species,TRUE,https://www.marinespecies.org/aphia.php?p=taxdetails&id=127022
Sebastes alutus,Sebastes alutus,https://www.fisheries.noaa.gov/species/pacific-ocean-perch,Fish; Wild-Caught Seafood,; AlaskaRegion; West Coast,NA,LC,LC,FALSE,Sebastes alutus,254573,Species,TRUE,https://www.marinespecies.org/aphia.php?p=taxdetails&id=254573
Magallana gigas,Crassostrea gigas; Magallana gigas,https://www.fisheries.noaa.gov/species/pacific-oyster,"Invertebrates; Clams, Mussels, Oysters; Farmed Seafood; Fish; Wild-Caught Seafood",; AlaskaRegion; West Coast,NA,LC,LC,FALSE,Magallana gigas,836033,Species,TRUE,https://www.marinespecies.org/aphia.php?p=taxdetails&id=836033
Sardinops sagax caeruleus,Sardinops sagax caerulea,https://www.fisheries.noaa.gov/species/pacific-sardine,Fish; Wild-Caught Seafood,; West Coast,NA,LC,LC,FALSE,Sardinops sagax,217452,Species,TRUE,https://www.marinespecies.org/aphia.php?p=taxdetails&id=217452
Squalus suckleyi,Squalus suckleyi,https://www.fisheries.noaa.gov/species/pacific-spiny-dogfish,Fish; Sharks; Wild-Caught Seafood,; AlaskaRegion; West Coast,NA,LC,LC,FALSE,Squalus suckleyi,299224,Species,TRUE,https://www.marinespecies.org/aphia.php?p=taxdetails&id=299224
Lagenorhynchus obliquidens,Lagenorhynchus obliquidens,https://www.fisheries.noaa.gov/species/pacific-white-sided-dolphin,Dolphins & Porpoises,; AlaskaRegion; West Coast,NA,LC,LC,TRUE,Sagmatias obliquidens,1571909,Species,TRUE,https://www.marinespecies.org/aphia.php?p=taxdetails&id=1571909
Merluccius productus,Mercluccius productus,https://www.fisheries.noaa.gov/species/pacific-whiting,Fish; Wild-Caught Seafood,; West Coast,NA,LC,LC,FALSE,Merluccius productus,272458,Species,TRUE,https://www.marinespecies.org/aphia.php?p=taxdetails&id=272458
Stenella attenuata,Stenella attenuata,https://www.fisheries.noaa.gov/species/pantropical-spotted-dolphin,Dolphins & Porpoises,; New England/Mid-AtlanticRegion; Pacific IslandsRegion; Southeast,NA,LC,LC,TRUE,Stenella attenuata,137105,Species,TRUE,https://www.marinespecies.org/aphia.php?p=taxdetails&id=137105
Pavona diffluens,Pavona diffluens,https://www.fisheries.noaa.gov/species/pavona-diffluens-coral,Invertebrates; Corals,; Foreign,NA,LC,LC,FALSE,Pavona diffluens,207295,Species,TRUE,https://www.marinespecies.org/aphia.php?p=taxdetails&id=207295
Eopsetta jordani,Eopsetta jordani,https://www.fisheries.noaa.gov/species/petrale-sole,Fish; Wild-Caught Seafood,; AlaskaRegion; West Coast,NA,LC,LC,FALSE,Eopsetta jordani,280690,Species,TRUE,https://www.marinespecies.org/aphia.php?p=taxdetails&id=280690
Dendrogyra cylindrus,Dendrogyra cylindrus,https://www.fisheries.noaa.gov/species/pillar-coral,Invertebrates; Corals,; Southeast,NA,EN,EN,FALSE,Dendrogyra cylindrus,418865,Species,TRUE,https://www.marinespecies.org/aphia.php?p=taxdetails&id=418865
Haliotis corrugata,Haliotis corrugata,https://www.fisheries.noaa.gov/species/pink-abalone,Invertebrates; Abalone,; West Coast,NA,LC,LC,FALSE,Haliotis corrugata,445308,Species,TRUE,https://www.marinespecies.org/aphia.php?p=taxdetails&id=445308
Oncorhynchus gorbuscha,Oncorhynchus gorbuscha,https://www.fisheries.noaa.gov/species/pink-salmon,Fish; Wild-Caught Seafood,; AlaskaRegion; West Coast,NA,LC,LC,FALSE,Oncorhynchus gorbuscha,127182,Species,TRUE,https://www.marinespecies.org/aphia.php?p=taxdetails&id=127182
Farfantepenaeus duorarum,Farfantepenaeus duorarum,https://www.fisheries.noaa.gov/species/pink-shrimp,Invertebrates; Shrimp; Wild-Caught Seafood,; New England/Mid-AtlanticRegion; Southeast,NA,LC,LC,FALSE,Penaeus (Farfantepenaeus) duorarum,1809220,Species,TRUE,https://www.marinespecies.org/aphia.php?p=taxdetails&id=1809220
Haliotis kamtschatkana,Haliotis kamtschatkana,https://www.fisheries.noaa.gov/species/pinto-abalone,Invertebrates; Abalone,; AlaskaRegion; West Coast,NA,LC,LC,FALSE,Haliotis kamtschatkana,405014,Species,TRUE,https://www.marinespecies.org/aphia.php?p=taxdetails&id=405014
Pocillopora meandrina,Pocillopora meandrina,https://www.fisheries.noaa.gov/species/pocillopora-meandrina-coral,Invertebrates; Corals,; Pacific Islands,NA,LC,LC,FALSE,Pocillopora meandrina,206964,Species,TRUE,https://www.marinespecies.org/aphia.php?p=taxdetails&id=206964
Porites napopora,Porites napopora,https://www.fisheries.noaa.gov/species/porites-napopora-coral,Invertebrates; Corals,; Foreign,NA,LC,LC,FALSE,Porites napopora,288909,Species,TRUE,https://www.marinespecies.org/aphia.php?p=taxdetails&id=288909
Feresa attenuata,Feresa attenuata,https://www.fisheries.noaa.gov/species/pygmy-killer-whale,Dolphins & Porpoises; Whales,; New England/Mid-AtlanticRegion; Pacific IslandsRegion; Southeast,NA,LC,LC,TRUE,Feresa attenuata,137095,Species,TRUE,https://www.marinespecies.org/aphia.php?p=taxdetails&id=137095
Kogia breviceps,Kogia breviceps,https://www.fisheries.noaa.gov/species/pygmy-sperm-whale,Whales,; New England/Mid-AtlanticRegion; Pacific IslandsRegion; SoutheastRegion; West Coast,NA,LC,LC,TRUE,Kogia breviceps,137113,Species,TRUE,https://www.marinespecies.org/aphia.php?p=taxdetails&id=137113
Aliger gigas,Aliger gigas,https://www.fisheries.noaa.gov/species/queen-conch,Invertebrates; Protected Invertebrate; Wild-Caught Seafood,; Southeast,NA,TN,TN,FALSE,Aliger gigas,1429769,Species,TRUE,https://www.marinespecies.org/aphia.php?p=taxdetails&id=1429769
Epinephelus morio,Epinephelus morio,https://www.fisheries.noaa.gov/species/red-grouper,Fish; Wild-Caught Seafood,; New England/Mid-AtlanticRegion; Southeast,NA,LC,LC,FALSE,Epinephelus morio,159354,Species,TRUE,https://www.marinespecies.org/aphia.php?p=taxdetails&id=159354
Urophycis chuss,Urophycis chuss,https://www.fisheries.noaa.gov/species/red-hake,Fish; Wild-Caught Seafood,; New England/Mid-AtlanticRegion; Southeast,NA,LC,LC,FALSE,Urophycis chuss,126503,Species,TRUE,https://www.marinespecies.org/aphia.php?p=taxdetails&id=126503
Paralithodes camtschaticus,Paralithodes camtschaticus,https://www.fisheries.noaa.gov/species/red-king-crab,Invertebrates; Crab; Wild-Caught Seafood,; Alaska,NA,LC,LC,FALSE,Paralithodes camtschaticus,233889,Species,TRUE,https://www.marinespecies.org/aphia.php?p=taxdetails&id=233889
Tridacna squamosina,Tridacna squamosina,https://www.fisheries.noaa.gov/species/red-sea-giant-clam,"Invertebrates; Clams, Mussels, Oysters",; Foreign,NA,LC,LC,FALSE,Tridacna squamosina,466758,Species,TRUE,https://www.marinespecies.org/aphia.php?p=taxdetails&id=466758
Lutjanus campechanus,Lutjanus campechanus,https://www.fisheries.noaa.gov/species/red-snapper,Fish; Wild-Caught Seafood,; Southeast,NA,LC,LC,FALSE,Lutjanus campechanus,159795,Species,TRUE,https://www.marinespecies.org/aphia.php?p=taxdetails&id=159795
Glyptocephalus zachirus,Glyptocephalus zachirus,https://www.fisheries.noaa.gov/species/rex-sole,Fish; Wild-Caught Seafood,; AlaskaRegion; West Coast,NA,LC,LC,FALSE,Glyptocephalus zachirus,274287,Species,TRUE,https://www.marinespecies.org/aphia.php?p=taxdetails&id=274287
Histriophoca fasciata,Histriophoca fasciata,https://www.fisheries.noaa.gov/species/ribbon-seal,Seals & Sea Lions,; Alaska,NA,LC,LC,TRUE,Histriophoca fasciata,255017,Species,TRUE,https://www.marinespecies.org/aphia.php?p=taxdetails&id=255017
Balaenoptera ricei,Balaenoptera ricei,https://www.fisheries.noaa.gov/species/rices-whale,Whales,; Southeast,NA,EN,EN,TRUE,Balaenoptera ricei,1576133,Species,TRUE,https://www.marinespecies.org/aphia.php?p=taxdetails&id=1576133
Pusa hispida,Pusa hispida,https://www.fisheries.noaa.gov/species/ringed-seal,Seals & Sea Lions,; Alaska,NA,TN,TN,TRUE,Pusa hispida,159021,Species,TRUE,https://www.marinespecies.org/aphia.php?p=taxdetails&id=159021
Grampus griseus,Grampus griseus,https://www.fisheries.noaa.gov/species/rissos-dolphin,Dolphins & Porpoises,; AlaskaRegion; New England/Mid-AtlanticRegion; Pacific IslandsRegion; SoutheastRegion; West Coast,NA,LC,LC,TRUE,Grampus griseus,137098,Species,TRUE,https://www.marinespecies.org/aphia.php?p=taxdetails&id=137098
Mycetophyllia ferox,Mycetophyllia ferox,https://www.fisheries.noaa.gov/species/rough-cactus-coral,Invertebrates; Corals,; Southeast,NA,TN,TN,FALSE,Mycetophyllia ferox,290426,Species,TRUE,https://www.marinespecies.org/aphia.php?p=taxdetails&id=290426
Steno bredanensis,Steno bredanensis,https://www.fisheries.noaa.gov/species/rough-toothed-dolphin,Dolphins & Porpoises,; New England/Mid-AtlanticRegion; Pacific IslandsRegion; SoutheastRegion; West Coast,NA,LC,LC,TRUE,Steno bredanensis,137110,Species,TRUE,https://www.marinespecies.org/aphia.php?p=taxdetails&id=137110
Anoplopoma fimbria,Anoplopoma fimbria,https://www.fisheries.noaa.gov/species/sablefish,Fish; Farmed Seafood; Wild-Caught Seafood,; AlaskaRegion; West Coast,NA,LC,LC,FALSE,Anoplopoma fimbria,159463,Species,TRUE,https://www.marinespecies.org/aphia.php?p=taxdetails&id=159463
Acipenser mikadoi,Acipenser mikadoi,https://www.fisheries.noaa.gov/species/sakhalin-sturgeon,Fish; Protected Fish,; Foreign,NA,LC,LC,FALSE,Sinosturio mikadoi,1815697,Species,TRUE,https://www.marinespecies.org/aphia.php?p=taxdetails&id=1815697
Carcharhinus plumbeus,Carcharhinus plumbeus,https://www.fisheries.noaa.gov/species/sandbar-shark,Fish; Highly Migratory Fish; Sharks; Wild-Caught Seafood,; New England/Mid-AtlanticRegion; Southeast,NA,LC,LC,FALSE,Carcharhinus plumbeus,105797,Species,TRUE,https://www.marinespecies.org/aphia.php?p=taxdetails&id=105797
Squatina aculeata,Squatina aculeata,https://www.fisheries.noaa.gov/species/sawback-angelshark,Fish; Protected Fish; Sharks,; Foreign,NA,LC,LC,FALSE,Squatina aculeata,105926,Species,TRUE,https://www.marinespecies.org/aphia.php?p=taxdetails&id=105926
Sphyrna lewini,Sphyrna lewini,https://www.fisheries.noaa.gov/species/scalloped-hammerhead-shark,Fish; Highly Migratory Fish; Protected Fish; Sharks,; Pacific IslandsRegion; SoutheastRegion; West Coast,NA,EN,EN,FALSE,Sphyrna lewini,105816,Species,TRUE,https://www.marinespecies.org/aphia.php?p=taxdetails&id=105816
Stenotomus chrysops,Stenotomus chrysops,https://www.fisheries.noaa.gov/species/scup,Fish; Wild-Caught Seafood,; New England/Mid-AtlanticRegion; Southeast,NA,LC,LC,FALSE,Stenotomus chrysops,159811,Species,TRUE,https://www.marinespecies.org/aphia.php?p=taxdetails&id=159811
Balaenoptera borealis,Balaenoptera borealis,https://www.fisheries.noaa.gov/species/sei-whale,Whales,; AlaskaRegion; New England/Mid-AtlanticRegion; Pacific IslandsRegion; SoutheastRegion; West Coast,NA,EN,EN,TRUE,Balaenoptera borealis,137088,Species,TRUE,https://www.marinespecies.org/aphia.php?p=taxdetails&id=137088
Seriatopora aculeata,Seriatopora aculeata,https://www.fisheries.noaa.gov/species/seriatopora-aculeata-coral,Invertebrates; Corals,; Foreign,NA,LC,LC,FALSE,Seriatopora aculeata,430679,Species,TRUE,https://www.marinespecies.org/aphia.php?p=taxdetails&id=430679
Globicephala macrorhynchus,Globicephala macrorhynchus,https://www.fisheries.noaa.gov/species/short-finned-pilot-whale,Dolphins & Porpoises; Whales,; AlaskaRegion; New England/Mid-AtlanticRegion; Pacific IslandsRegion; SoutheastRegion; West Coast,NA,LC,LC,TRUE,Globicephala macrorhynchus,137096,Species,TRUE,https://www.marinespecies.org/aphia.php?p=taxdetails&id=137096
Illex illecebrosus,Illex illecebrosus,https://www.fisheries.noaa.gov/species/shortfin-squid,Invertebrates; Squid; Wild-Caught Seafood,; New England/Mid-Atlantic,NA,LC,LC,FALSE,Illex illecebrosus,153087,Species,TRUE,https://www.marinespecies.org/aphia.php?p=taxdetails&id=153087
Acipenser brevirostrum,Acipenser brevirostrum,https://www.fisheries.noaa.gov/species/shortnose-sturgeon,Fish; Protected Fish,; New England/Mid-AtlanticRegion; Southeast,NA,EN,EN,FALSE,Huso brevirostrum,1815701,Species,TRUE,https://www.marinespecies.org/aphia.php?p=taxdetails&id=1815701
Sebastolobus alascanus,Sebastolobus alascanus,https://www.fisheries.noaa.gov/species/shortspine-thornyhead,Fish; Groundfish; Wild-Caught Seafood,; AlaskaRegion; West Coast,NA,LC,LC,FALSE,Sebastolobus alascanus,282740,Species,TRUE,https://www.marinespecies.org/aphia.php?p=taxdetails&id=282740
Merluccius bilinearis,Merluccius bilinearis,https://www.fisheries.noaa.gov/species/silver-hake,Fish; Wild-Caught Seafood,; New England/Mid-AtlanticRegion; Southeast,NA,LC,LC,FALSE,Merluccius bilinearis,158962,Species,TRUE,https://www.marinespecies.org/aphia.php?p=taxdetails&id=158962
Tridacna maxima,Tridacna maxima,https://www.fisheries.noaa.gov/species/small-giant-clam,"Invertebrates; Clams, Mussels, Oysters",; Pacific Islands,NA,LC,LC,FALSE,Tridacna maxima,207675,Species,TRUE,https://www.marinespecies.org/aphia.php?p=taxdetails&id=207675
Carcharhinus porosus,Carcharhinus porosus,https://www.fisheries.noaa.gov/species/smalltail-shark,Fish; Sharks,; Southeast,NA,LC,LC,FALSE,Carcharhinus porosus,217342,Species,TRUE,https://www.marinespecies.org/aphia.php?p=taxdetails&id=217342
Pristis pectinata,Pristis pectinata,https://www.fisheries.noaa.gov/species/smalltooth-sawfish,Fish; Protected Fish,; Southeast,NA,EN,EN,FALSE,Pristis pectinata,105848,Species,TRUE,https://www.marinespecies.org/aphia.php?p=taxdetails&id=105848
Tridacna derasa,Tridacna derasa,https://www.fisheries.noaa.gov/species/smooth-giant-clam,"Invertebrates; Clams, Mussels, Oysters",; Pacific Islands,NA,LC,LC,FALSE,Tridacna derasa,382205,Species,TRUE,https://www.marinespecies.org/aphia.php?p=taxdetails&id=382205
Squatina oculata,Squatina oculata,https://www.fisheries.noaa.gov/species/smoothback-angelshark,Fish; Protected Fish; Sharks,; Foreign,NA,LC,LC,FALSE,Squatina oculata,105927,Species,TRUE,https://www.marinespecies.org/aphia.php?p=taxdetails&id=105927
Oncorhynchus nerka,Oncorhynchus nerka,https://www.fisheries.noaa.gov/species/sockeye-salmon,Fish; Wild-Caught Seafood,; AlaskaRegion; West Coast; ; West Coast,NA,EN,EN,FALSE,Oncorhynchus nerka,254569,Species,TRUE,https://www.marinespecies.org/aphia.php?p=taxdetails&id=254569
Eubalaena australis,Eubalaena australis,https://www.fisheries.noaa.gov/species/southern-right-whale,Whales,; Foreign,NA,LC,LC,TRUE,Eubalaena australis,220222,Species,TRUE,https://www.marinespecies.org/aphia.php?p=taxdetails&id=220222
Mesoplodon bidens,Mesoplodon bidens,https://www.fisheries.noaa.gov/species/sowerbys-beaked-whale,Whales,; New England/Mid-Atlantic,NA,LC,LC,TRUE,Mesoplodon bidens,137121,Species,TRUE,https://www.marinespecies.org/aphia.php?p=taxdetails&id=137121
Scomberomorus maculatus,Scomberomorus maculatus,https://www.fisheries.noaa.gov/species/spanish-mackerel,Fish; Wild-Caught Seafood,; Southeast,NA,LC,LC,FALSE,Scomberomorus maculatus,159342,Species,TRUE,https://www.marinespecies.org/aphia.php?p=taxdetails&id=159342
Physeter macrocephalus,Physeter macrocephalus,https://www.fisheries.noaa.gov/species/sperm-whale,Whales,; AlaskaRegion; New England/Mid-AtlanticRegion; Pacific IslandsRegion; SoutheastRegion; West Coast,NA,EN,EN,TRUE,Physeter macrocephalus,137119,Species,TRUE,https://www.marinespecies.org/aphia.php?p=taxdetails&id=137119
Stenella longirostris,Stenella longirostris,https://www.fisheries.noaa.gov/species/spinner-dolphin,Dolphins & Porpoises,; New England/Mid-AtlanticRegion; Pacific IslandsRegion; SoutheastRegion; West Coast,NA,LC,LC,TRUE,Stenella longirostris,137109,Species,TRUE,https://www.marinespecies.org/aphia.php?p=taxdetails&id=137109
Squatina guggenheim,Squatina guggenheim,https://www.fisheries.noaa.gov/species/spiny-angelshark,Fish; Protected Fish; Sharks,; Foreign,NA,LC,LC,FALSE,Squatina guggenheim,271669,Species,TRUE,https://www.marinespecies.org/aphia.php?p=taxdetails&id=271669
Phoca largha,Phoca largha,https://www.fisheries.noaa.gov/species/spotted-seal,Seals & Sea Lions,; Alaska,NA,LC,LC,TRUE,Phoca largha,255021,Species,TRUE,https://www.marinespecies.org/aphia.php?p=taxdetails&id=255021
Acropora cervicornis,Acropora cervicornis,https://www.fisheries.noaa.gov/species/staghorn-coral,Invertebrates; Corals,; Southeast,NA,TN,TN,FALSE,Acropora cervicornis,206989,Species,TRUE,https://www.marinespecies.org/aphia.php?p=taxdetails&id=206989
Oncorhynchus mykiss,Oncorhynchus mykiss,https://www.fisheries.noaa.gov/species/steelhead,Fish; Protected Fish,; AlaskaRegion; West Coast,NA,EN,EN,FALSE,Oncorhynchus mykiss,127185,Species,TRUE,https://www.marinespecies.org/aphia.php?p=taxdetails&id=127185
Mesoplodon stejnegeri,Mesoplodon stejnegeri,https://www.fisheries.noaa.gov/species/stejnegers-beaked-whale,Whales,; AlaskaRegion; West Coast,NA,LC,LC,TRUE,Mesoplodon stejnegeri,254991,Species,TRUE,https://www.marinespecies.org/aphia.php?p=taxdetails&id=254991
Eumetopias jubatus,Eumetopias jubatus,https://www.fisheries.noaa.gov/species/steller-sea-lion,Seals & Sea Lions,; AlaskaRegion; West Coast,NA,EN,EN,TRUE,Eumetopias jubatus,254999,Species,TRUE,https://www.marinespecies.org/aphia.php?p=taxdetails&id=254999
Stenella coeruleoalba,Stenella coeruleoalba,https://www.fisheries.noaa.gov/species/striped-dolphin,Dolphins & Porpoises,; New England/Mid-AtlanticRegion; Pacific IslandsRegion; SoutheastRegion; West Coast,NA,LC,LC,TRUE,Stenella coeruleoalba,137107,Species,TRUE,https://www.marinespecies.org/aphia.php?p=taxdetails&id=137107
Kajikia audax,Kajikia audax,https://www.fisheries.noaa.gov/species/striped-marlin,Fish; Highly Migratory Fish; Wild-Caught Seafood,; Pacific IslandsRegion; West Coast,NA,LC,LC,FALSE,Kajikia audax,712907,Species,TRUE,https://www.marinespecies.org/aphia.php?p=taxdetails&id=712907
Mustelus fasciatus,Mustelus fasciatus,https://www.fisheries.noaa.gov/species/striped-smoothhound-shark,Fish; Protected Fish; Sharks,; Foreign,NA,LC,LC,FALSE,Mustelus fasciatus,271383,Species,TRUE,https://www.marinespecies.org/aphia.php?p=taxdetails&id=271383
Saccharina latissima,Saccharina latissima,https://www.fisheries.noaa.gov/species/sugar-kelp,Other; Farmed Seafood; Seaweed,; New England/Mid-Atlantic,NA,LC,LC,FALSE,Saccharina latissima,234483,Species,TRUE,https://www.marinespecies.org/aphia.php?p=taxdetails&id=234483
Paralichthys dentatus,Paralichthys dentatus,https://www.fisheries.noaa.gov/species/summer-flounder,Fish; Wild-Caught Seafood,; New England/Mid-AtlanticRegion; Southeast,NA,LC,LC,FALSE,Paralichthys dentatus,158826,Species,TRUE,https://www.marinespecies.org/aphia.php?p=taxdetails&id=158826
Pycnopodia helianthoides,Pycnopodia helianthoides,https://www.fisheries.noaa.gov/species/sunflower-sea-star,Invertebrates,; AlaskaRegion; West Coast,NA,LC,LC,FALSE,Pycnopodia helianthoides,240764,Species,TRUE,https://www.marinespecies.org/aphia.php?p=taxdetails&id=240764
Sousa chinensis taiwanensis,Sousa chinensis taiwanensis,https://www.fisheries.noaa.gov/species/taiwanese-humpback-dolphin,Dolphins & Porpoises,; Foreign,NA,LC,LC,TRUE,Sousa chinensis taiwanensis,853079,Subspecies,TRUE,https://www.marinespecies.org/aphia.php?p=taxdetails&id=853079
Caulolatilus microps,Caulolatilus microps,https://www.fisheries.noaa.gov/species/tilefish,Fish; Reef Fish; Wild-Caught Seafood,; New England/Mid-AtlanticRegion; Southeast,NA,LC,LC,FALSE,Caulolatilus microps,159404,Species,TRUE,https://www.marinespecies.org/aphia.php?p=taxdetails&id=159404
Galeorhinus galeus,Galeorhinus galeus,https://www.fisheries.noaa.gov/species/tope-shark,Fish; Sharks,; West Coast,NA,LC,LC,FALSE,Galeorhinus galeus,105820,Species,TRUE,https://www.marinespecies.org/aphia.php?p=taxdetails&id=105820
Totoaba macdonaldi,Totoaba macdonaldi,https://www.fisheries.noaa.gov/species/totoaba,Fish; Protected Fish,; Foreign,NA,LC,LC,FALSE,Totoaba macdonaldi,283019,Species,TRUE,https://www.marinespecies.org/aphia.php?p=taxdetails&id=283019
Tridacna gigas,Tridacna gigas,https://www.fisheries.noaa.gov/species/true-giant-clam,"Invertebrates; Clams, Mussels, Oysters",; Pacific Islands,NA,LC,LC,FALSE,Tridacna gigas,207670,Species,TRUE,https://www.marinespecies.org/aphia.php?p=taxdetails&id=207670
Mesoplodon mirus,Mesoplodon mirus,https://www.fisheries.noaa.gov/species/trues-beaked-whale,Whales,; New England/Mid-AtlanticRegion; Southeast,NA,LC,LC,TRUE,Mesoplodon mirus,137126,Species,TRUE,https://www.marinespecies.org/aphia.php?p=taxdetails&id=137126
Tubastraea floreana,Tubastraea floreana,https://www.fisheries.noaa.gov/species/tubastraea-floreana-coral,Invertebrates; Corals,; Foreign,NA,LC,LC,FALSE,Tubastraea floreana,291254,Species,TRUE,https://www.marinespecies.org/aphia.php?p=taxdetails&id=291254
Phocoena sinus,Phocoena sinus,https://www.fisheries.noaa.gov/species/vaquita,Dolphins & Porpoises,; Foreign,NA,LC,LC,TRUE,Phocoena sinus,343897,Species,TRUE,https://www.marinespecies.org/aphia.php?p=taxdetails&id=343897
Rhomboplites aurorubens,Rhomboplites aurorubens,https://www.fisheries.noaa.gov/species/vermilion-snapper,Fish; Wild-Caught Seafood,; Southeast,NA,LC,LC,FALSE,Rhomboplites aurorubens,159807,Species,TRUE,https://www.marinespecies.org/aphia.php?p=taxdetails&id=159807
Thunnus thynnus,Thunnus thynnus,https://www.fisheries.noaa.gov/species/western-atlantic-bluefin-tuna,Fish; Highly Migratory Fish; Wild-Caught Seafood,; New England/Mid-AtlanticRegion; Southeast,NA,LC,LC,FALSE,Thunnus thynnus,127029,Species,TRUE,https://www.marinespecies.org/aphia.php?p=taxdetails&id=127029
Haliotis sorenseni,Haliotis sorenseni,https://www.fisheries.noaa.gov/species/white-abalone,Invertebrates; Abalone,; West Coast,NA,EN,EN,FALSE,Haliotis sorenseni,445362,Species,TRUE,https://www.marinespecies.org/aphia.php?p=taxdetails&id=445362
Urophycis tenuis,Urophycis tenuis,https://www.fisheries.noaa.gov/species/white-hake,Fish; Wild-Caught Seafood,; New England/Mid-Atlantic,NA,LC,LC,FALSE,Urophycis tenuis,126504,Species,TRUE,https://www.marinespecies.org/aphia.php?p=taxdetails&id=126504
Carcharodon carcharias,Carcharodon carcharias,https://www.fisheries.noaa.gov/species/white-shark,Fish; Highly Migratory Fish; Sharks,; AlaskaRegion; New England/Mid-AtlanticRegion; Pacific IslandsRegion; SoutheastRegion; West Coast,NA,LC,LC,FALSE,Carcharodon carcharias,105838,Species,TRUE,https://www.marinespecies.org/aphia.php?p=taxdetails&id=105838
Litopenaeus setiferus,Litopenaeus setiferus,https://www.fisheries.noaa.gov/species/white-shrimp,Invertebrates; Shrimp; Wild-Caught Seafood,; New England/Mid-AtlanticRegion; Southeast,NA,LC,LC,FALSE,Penaeus (Litopenaeus) setiferus,1809210,Species,TRUE,https://www.marinespecies.org/aphia.php?p=taxdetails&id=1809210
Lagenorhynchus albirostris,Lagenorhynchus albirostris,https://www.fisheries.noaa.gov/species/white-beaked-dolphin,Dolphins & Porpoises,; New England/Mid-Atlantic,NA,LC,LC,TRUE,Lagenorhynchus albirostris,137101,Species,TRUE,https://www.marinespecies.org/aphia.php?p=taxdetails&id=137101
Sebastes entomelas,Sebastes entomelas,https://www.fisheries.noaa.gov/species/widow-rockfish,Fish; Wild-Caught Seafood,; West Coast,NA,LC,LC,FALSE,Sebastes entomelas,274791,Species,TRUE,https://www.marinespecies.org/aphia.php?p=taxdetails&id=274791
Scophthalmus aquosus,Scophthalmus aquosus,https://www.fisheries.noaa.gov/species/windowpane-flounder,Fish; Groundfish; Wild-Caught Seafood,; New England/Mid-Atlantic,NA,LC,LC,FALSE,Scophthalmus aquosus,158907,Species,TRUE,https://www.marinespecies.org/aphia.php?p=taxdetails&id=158907
Pseudopleuronectes americanus,Pseudopleuronectes americanus,https://www.fisheries.noaa.gov/species/winter-flounder,Fish; Groundfish; Wild-Caught Seafood,; New England/Mid-AtlanticRegion; Southeast,NA,LC,LC,FALSE,Pseudopleuronectes americanus,158885,Species,TRUE,https://www.marinespecies.org/aphia.php?p=taxdetails&id=158885
Leucoraja ocellata,Leucoraja ocellata,https://www.fisheries.noaa.gov/species/winter-skate,Fish; Wild-Caught Seafood,; New England/Mid-AtlanticRegion; Southeast,NA,LC,LC,FALSE,Leucoraja ocellata,158553,Species,TRUE,https://www.marinespecies.org/aphia.php?p=taxdetails&id=158553
Glyptocephalus cynoglossus,Glyptocephalus cynoglossus,https://www.fisheries.noaa.gov/species/witch-flounder,Fish; Groundfish; Wild-Caught Seafood,; New England/Mid-Atlantic,NA,LC,LC,FALSE,Glyptocephalus cynoglossus,127136,Species,TRUE,https://www.marinespecies.org/aphia.php?p=taxdetails&id=127136
Polyprion americanus,Polyprion americanus,https://www.fisheries.noaa.gov/species/wreckfish,Fish; Wild-Caught Seafood,; New England/Mid-AtlanticRegion; Southeast,NA,LC,LC,FALSE,Polyprion americanus,126998,Species,TRUE,https://www.marinespecies.org/aphia.php?p=taxdetails&id=126998
Sebastes ruberrimus,Sebastes ruberrimus,https://www.fisheries.noaa.gov/species/yelloweye-rockfish,Fish; Protected Fish,; AlaskaRegion; West Coast,NA,TN,TN,FALSE,Sebastes ruberrimus,274844,Species,TRUE,https://www.marinespecies.org/aphia.php?p=taxdetails&id=274844
Limanda aspera,Limanda aspera,https://www.fisheries.noaa.gov/species/yellowfin-sole,Fish; Wild-Caught Seafood,; Alaska,NA,LC,LC,FALSE,Limanda aspera,254562,Species,TRUE,https://www.marinespecies.org/aphia.php?p=taxdetails&id=254562
Limanda ferruginea,Limanda ferruginea,https://www.fisheries.noaa.gov/species/yellowtail-flounder,Fish; Groundfish; Wild-Caught Seafood,; New England/Mid-Atlantic,NA,LC,LC,FALSE,Myzopsetta ferruginea,1571969,Species,TRUE,https://www.marinespecies.org/aphia.php?p=taxdetails&id=1571969
Sebastes flavidus,Sebastes flavidus,https://www.fisheries.noaa.gov/species/yellowtail-rockfish,Fish; Groundfish; Wild-Caught Seafood,; AlaskaRegion; West Coast,NA,LC,LC,FALSE,Sebastes flavidus,274795,Species,TRUE,https://www.marinespecies.org/aphia.php?p=taxdetails&id=274795
