"common_name","scientific_name","also_known_as","category","protected_status","region","species_url"
"Acadian Redfish","Sebastes fasciatus","Redfish, Ocean perch, Labrador redfish","Fish; Groundfish; Wild-Caught Seafood",NA,"; New England/Mid-Atlantic","https://www.fisheries.noaa.gov/species/acadian-redfish"
"Acropora globiceps Coral","Acropora globiceps",NA,"Invertebrates; Corals","ESA Threatened; CITES Appendix II","; Pacific Islands","https://www.fisheries.noaa.gov/species/acropora-globiceps-coral"
"Acropora jacquelineae Coral","Acropora jacquelineae",NA,"Invertebrates; Corals","ESA Threatened - Foreign; CITES Appendix II","; Foreign","https://www.fisheries.noaa.gov/species/acropora-jacquelineae-coral"
"Acropora lokani Coral","Acropora lokani",NA,"Invertebrates; Corals","ESA Threatened - Foreign; CITES Appendix II","; Foreign","https://www.fisheries.noaa.gov/species/acropora-lokani-coral"
"Acropora pharaonis Coral","Acropora pharaonis",NA,"Invertebrates; Corals","ESA Threatened - Foreign; CITES Appendix II","; Foreign","https://www.fisheries.noaa.gov/species/acropora-pharaonis-coral"
"Acropora retusa Coral","Acropora retusa",NA,"Invertebrates; Corals","ESA Threatened; CITES Appendix II","; Pacific Islands","https://www.fisheries.noaa.gov/species/acropora-retusa-coral"
"Acropora rudis Coral","Acropora rudis",NA,"Invertebrates; Corals","ESA Threatened - Foreign; CITES Appendix II","; Foreign","https://www.fisheries.noaa.gov/species/acropora-rudis-coral"
"Acropora speciosa Coral","Acropora speciosa",NA,"Invertebrates; Corals","ESA Threatened; CITES Appendix II","; Pacific Islands","https://www.fisheries.noaa.gov/species/acropora-speciosa-coral"
"Acropora tenella Coral","Acropora tenella",NA,"Invertebrates; Corals","ESA Threatened - Foreign; CITES Appendix II","; Foreign","https://www.fisheries.noaa.gov/species/acropora-tenella-coral"
"Adriatic Sturgeon","Acipenser naccarii",NA,"Fish; Protected Fish","ESA Endangered - Foreign; CITES Appendix II","; Foreign","https://www.fisheries.noaa.gov/species/adriatic-sturgeon"
"African Coelacanth","Latimeria chalumnae",NA,"Fish; Protected Fish","ESA Threatened - Foreign; CITES Appendix I","; Foreign","https://www.fisheries.noaa.gov/species/african-coelacanth"
"Alabama Shad","Alosa alabamae",NA,"Fish","ESA Candidate","; Southeast","https://www.fisheries.noaa.gov/species/alabama-shad"
"Alaska Pollock","Gadus chalcogrammus","Pollock, Walleye pollock, Pacific pollock","Fish; Groundfish; Wild-Caught Seafood",NA,"; Alaska","https://www.fisheries.noaa.gov/species/alaska-pollock"
"Alaska Snow Crab","Chionoecetes opilio","Opilio, Opies","Invertebrates; Crab; Wild-Caught Seafood",NA,"; Alaska","https://www.fisheries.noaa.gov/species/alaska-snow-crab"
"Almaco Jack","Seriola rivoliana","Kanpachi, Kampachi, Kahala, Hawaiian yellowtail, Songoro amberjack, Medregal, Bar jack, Hamachi, Longfin yellowtail","Fish; Farmed Seafood; Reef Fish; Wild-Caught Seafood",NA,"; New England/Mid-AtlanticRegion; Pacific IslandsRegion; SoutheastRegion; West Coast","https://www.fisheries.noaa.gov/species/almaco-jack"
"American Lobster","Homarus americanus","Lobster","Invertebrates; Wild-Caught Seafood",NA,"; New England/Mid-Atlantic","https://www.fisheries.noaa.gov/species/american-lobster"
"American Plaice","Hippoglossoides platessoides","American dab, Canadian plaice, Dab","Fish; Groundfish; Wild-Caught Seafood",NA,"; New England/Mid-Atlantic","https://www.fisheries.noaa.gov/species/american-plaice"
"Anacropora spinosa Coral","Anacropora spinosa",NA,"Invertebrates; Corals","ESA Threatened - Foreign; CITES Appendix II","; Foreign","https://www.fisheries.noaa.gov/species/anacropora-spinosa-coral"
"Argentine Angelshark","Squatina argentina",NA,"Fish; Protected Fish; Sharks","ESA Endangered - Foreign","; Foreign","https://www.fisheries.noaa.gov/species/argentine-angelshark"
"Arrowtooth Flounder","Atheresthes stomias","Flounder, Arrowtooth halibut, Turbot, Paltus","Fish; Wild-Caught Seafood",NA,"; AlaskaRegion; West Coast","https://www.fisheries.noaa.gov/species/arrowtooth-flounder"
"Atlantic Bigeye Tuna","Thunnus obesus","Tuna, Big eye, Ahi-b","Fish; Highly Migratory Fish; Wild-Caught Seafood",NA,"; New England/Mid-AtlanticRegion; Southeast","https://www.fisheries.noaa.gov/species/atlantic-bigeye-tuna"
"Atlantic Blacktip Shark","Carcharhinus limbatus","Black fin shark, Blacktip whaler, Common blacktip shark, Gray shark, Requiem shark, Small blacktip shark, Spot-fin ground shark","Fish; Highly Migratory Fish; Sharks; Wild-Caught Seafood",NA,"; New England/Mid-AtlanticRegion; Southeast","https://www.fisheries.noaa.gov/species/atlantic-blacktip-shark"
"Atlantic Chub Mackerel","Scomber colias","Mackerel, Chub mackerel, Tinker mackerel","Fish; Wild-Caught Seafood",NA,"; New England/Mid-Atlantic","https://www.fisheries.noaa.gov/species/atlantic-chub-mackerel"
"Atlantic Cod","Gadus morhua","Cod, Codling, Scrod cod, Markets, Steakers","Fish; Groundfish; Wild-Caught Seafood",NA,"; New England/Mid-AtlanticRegion; Southeast","https://www.fisheries.noaa.gov/species/atlantic-cod"
"Atlantic Common Thresher Shark","Alopias vulpinus","Thresher shark, Fox shark, Sea fox, Swingletail, Whiptail shark, Thintail shark","Fish; Highly Migratory Fish; Sharks; Wild-Caught Seafood",NA,"; New England/Mid-AtlanticRegion; Southeast","https://www.fisheries.noaa.gov/species/atlantic-common-thresher-shark"
"Atlantic Deep-Sea Red Crab","Chaceon quinquedens","Atlantic red crab, Red crab, Red deepsea crab","Invertebrates; Crab; Wild-Caught Seafood",NA,"; New England/Mid-Atlantic","https://www.fisheries.noaa.gov/species/atlantic-deep-sea-red-crab"
"Atlantic Goliath Grouper","Epinephelus itajara",NA,"Fish; Reef Fish",NA,"; Southeast","https://www.fisheries.noaa.gov/species/atlantic-goliath-grouper"
"Atlantic Halibut","Hippoglossus hippoglossus","Atlantic halibut, Halibut","Fish; Groundfish; Wild-Caught Seafood",NA,"; New England/Mid-Atlantic","https://www.fisheries.noaa.gov/species/atlantic-halibut"
"Atlantic Herring","Clupea harengus","Herring, Sea herring, Sild, Common herring, Labrador herring, Sardine, Sperling","Fish; Wild-Caught Seafood",NA,"; New England/Mid-AtlanticRegion; Southeast","https://www.fisheries.noaa.gov/species/atlantic-herring"
"Atlantic Humpback Dolphin","Sousa teuszii",NA,"Dolphins & Porpoises","ESA Endangered - Foreign; MMPA Protected; CITES Appendix I","; Foreign","https://www.fisheries.noaa.gov/species/atlantic-humpback-dolphin"
"Atlantic Mackerel","Scomber scombrus","Mackerel, Common mackerel, Boston mackerel, Caballa","Fish; Wild-Caught Seafood",NA,"; New England/Mid-AtlanticRegion; Southeast","https://www.fisheries.noaa.gov/species/atlantic-mackerel"
"Atlantic Mahi Mahi","Coryphaena hippurus","Mahimahi, Dolphinfish, Dolphin, Dorado","Fish; Wild-Caught Seafood",NA,"; New England/Mid-AtlanticRegion; Southeast","https://www.fisheries.noaa.gov/species/atlantic-mahi-mahi"
"Atlantic Menhaden","Brevoortia tyrannus","Fatback, Bunker, Pogie, Mossback","Fish",NA,"; New England/Mid-AtlanticRegion; Southeast","https://www.fisheries.noaa.gov/species/atlantic-menhaden"
"Atlantic Northern Shrimp","Pandalus borealis","Pink shrimp, Salad shrimp, Coldwater shrimp, Deep water prawn","Invertebrates; Shrimp; Wild-Caught Seafood",NA,"; New England/Mid-Atlantic","https://www.fisheries.noaa.gov/species/atlantic-northern-shrimp"
"Atlantic Pollock","Pollachius virens","Saithe, Coalfish, Coley, Green cod, Boston bluefish","Fish; Groundfish; Wild-Caught Seafood",NA,"; New England/Mid-Atlantic","https://www.fisheries.noaa.gov/species/atlantic-pollock"
"Atlantic Salmon","Salmo salar","Salmon, Sea run salmon, Kelts, Black salmon","Fish; Farmed Seafood; Protected Fish; Salmon & Steelhead","ESA Endangered","; New England/Mid-Atlantic","https://www.fisheries.noaa.gov/species/atlantic-salmon"
"Atlantic Sea Scallop","Placopecten magellanicus","Scallop, Sea scallop, Giant scallop","Invertebrates; Scallops; Wild-Caught Seafood",NA,"; New England/Mid-Atlantic","https://www.fisheries.noaa.gov/species/atlantic-sea-scallop"
"Atlantic Sharpnose Shark","Rhizoprionodon terraenovae","Newfoundland shark, Sharp-nosed shark, White shark","Fish; Highly Migratory Fish; Sharks; Wild-Caught Seafood",NA,"; New England/Mid-AtlanticRegion; Southeast","https://www.fisheries.noaa.gov/species/atlantic-sharpnose-shark"
"Atlantic Shortfin Mako Shark","Isurus oxyrinchus","Mako shark, Blue pointer, Bonito shark, Atlantic mako shark","Fish; Highly Migratory Fish; Sharks; Wild-Caught Seafood",NA,"; New England/Mid-AtlanticRegion; Southeast","https://www.fisheries.noaa.gov/species/atlantic-shortfin-mako-shark"
"Atlantic Skipjack Tuna","Katsuwonus pelamis","Tuna, Ocean bonito, Lesser tuna, Aku","Fish; Highly Migratory Fish; Wild-Caught Seafood",NA,"; New England/Mid-AtlanticRegion; Southeast","https://www.fisheries.noaa.gov/species/atlantic-skipjack-tuna"
"Atlantic Spiny Dogfish","Squalus acanthias","Dogfish shark, Cape dogfish, Cape shark, Spring dogfish, Spiked dogfish, Grayfish, Spur dog, Piked dogfish","Fish; Sharks; Wild-Caught Seafood",NA,"; New England/Mid-AtlanticRegion; Southeast","https://www.fisheries.noaa.gov/species/atlantic-spiny-dogfish"
"Atlantic Spotted Dolphin","Stenella frontalis",NA,"Dolphins & Porpoises","MMPA Protected; CITES Appendix II; SPAW Annex II","; New England/Mid-AtlanticRegion; Southeast","https://www.fisheries.noaa.gov/species/atlantic-spotted-dolphin"
"Atlantic Striped Bass","Morone saxatilis","Bass, Rockfish, Striper, Linesider","Fish; Wild-Caught Seafood",NA,"; New England/Mid-AtlanticRegion; Southeast","https://www.fisheries.noaa.gov/species/atlantic-striped-bass"
"Atlantic Sturgeon","Acipenser oxyrinchus oxyrinchus",NA,"Fish; Protected Fish","ESA Endangered; ESA Endangered; ESA Endangered; ESA Endangered; ESA Threatened; CITES Appendix II","; New England/Mid-AtlanticRegion; Southeast","https://www.fisheries.noaa.gov/species/atlantic-sturgeon"
"Atlantic Surfclam","Spisula solidissima","Surfclam, Hen clam, Bar clam, Sea clam","Invertebrates; Clams, Mussels, Oysters; Wild-Caught Seafood",NA,"; New England/Mid-AtlanticRegion; Southeast","https://www.fisheries.noaa.gov/species/atlantic-surfclam"
"Atlantic Wahoo","Acanthocybium solandri","Kingfish, Peto, Guarapucu, Ono, Thazard batard","Fish; Wild-Caught Seafood",NA,"; New England/Mid-AtlanticRegion; Southeast","https://www.fisheries.noaa.gov/species/atlantic-wahoo"
"Atlantic White-Sided Dolphin","Lagenorhynchus acutus",NA,"Dolphins & Porpoises","MMPA Protected; CITES Appendix II","; New England/Mid-AtlanticRegion; Southeast","https://www.fisheries.noaa.gov/species/atlantic-white-sided-dolphin"
"Atlantic Wolffish","Anarhichas lupus",NA,"Fish; Groundfish; Wild-Caught Seafood",NA,"; New England/Mid-Atlantic","https://www.fisheries.noaa.gov/species/atlantic-wolffish"
"Atlantic Yellowfin Tuna","Thunnus albacares","Tuna, Ahi","Fish; Highly Migratory Fish; Wild-Caught Seafood",NA,"; New England/Mid-AtlanticRegion; Southeast","https://www.fisheries.noaa.gov/species/atlantic-yellowfin-tuna"
"Baird’s Beaked Whale","Berardius bairdii",NA,"Whales","MMPA Protected; CITES Appendix I","; AlaskaRegion; West Coast","https://www.fisheries.noaa.gov/species/bairds-beaked-whale"
"Banggai Cardinalfish","Pterapogon kauderni",NA,"Fish; Protected Fish; Reef Fish","ESA Threatened - Foreign","; Foreign","https://www.fisheries.noaa.gov/species/banggai-cardinalfish"
"Bearded Seal","Erignathus barbatus",NA,"Seals & Sea Lions","ESA Threatened; ESA Threatened - Foreign; MMPA Protected; MMPA Depleted; MMPA Depleted","; Alaska","https://www.fisheries.noaa.gov/species/bearded-seal"
"Beluga Whale","Delphinapterus leucas",NA,"Whales","ESA Endangered; MMPA Protected; MMPA Depleted; MMPA Depleted; CITES Appendix II","; Alaska","https://www.fisheries.noaa.gov/species/beluga-whale"
"Black Abalone","Haliotis cracherodii",NA,"Invertebrates; Abalone","ESA Endangered","; West Coast","https://www.fisheries.noaa.gov/species/black-abalone"
"Black Grouper","Mycteroperca bonaci","Grouper, Blackfin grouper, Marbled rockfish","Fish; Reef Fish; Wild-Caught Seafood",NA,"; New England/Mid-AtlanticRegion; Southeast","https://www.fisheries.noaa.gov/species/black-grouper"
"Black Sea Bass","Centropristis striata","Sea bass, Blackfish, Rock bass, Black bass, Tallywag","Fish; Wild-Caught Seafood",NA,"; New England/Mid-AtlanticRegion; Southeast","https://www.fisheries.noaa.gov/species/black-sea-bass"
"Black Teatfish","Holothuria nobilis",NA,"Invertebrates; Other","CITES Appendix II","; Foreign","https://www.fisheries.noaa.gov/species/black-teatfish"
"Blackchin Guitarfish","Rhinobatos cemiculus",NA,"Fish; Protected Fish","ESA Threatened - Foreign; CITES Appendix II","; Foreign","https://www.fisheries.noaa.gov/species/blackchin-guitarfish"
"Blacknose Shark","Carcharhinus acronotus",NA,"Fish; Highly Migratory Fish; Sharks; Wild-Caught Seafood",NA,"; Southeast","https://www.fisheries.noaa.gov/species/blacknose-shark"
"Blainville's Beaked Whale","Mesoplodon densirostris",NA,"Whales","MMPA Protected; CITES Appendix II; SPAW Annex II","; New England/Mid-AtlanticRegion; Pacific IslandsRegion; SoutheastRegion; West Coast","https://www.fisheries.noaa.gov/species/blainvilles-beaked-whale"
"Blue Catfish","Ictalurus furcatus",NA,"Fish; Wild-Caught Seafood",NA,"; New England/Mid-AtlanticRegion; Southeast","https://www.fisheries.noaa.gov/species/blue-catfish"
"Blue Crab","Callinectes sapidus","Hard-shells (not molting), Peelers (about to molt), Busters (started to molt), Soft-shells (just molted, not yet hard), Jimmies (adult males), Sooks (adult females), She-crabs or Sallies (immature females), Sponges/Sponge crabs (females carrying eggs)","Invertebrates; Crab; Wild-Caught Seafood",NA,"; New England/Mid-AtlanticRegion; Southeast","https://www.fisheries.noaa.gov/species/blue-crab"
"Blue Mussel","Mytilus edulis","Edible mussel","Invertebrates; Clams, Mussels, Oysters; Farmed Seafood",NA,"; AlaskaRegion; New England/Mid-AtlanticRegion; SoutheastRegion; West Coast","https://www.fisheries.noaa.gov/species/blue-mussel"
"Blue Whale","Balaenoptera musculus",NA,"Whales","ESA Endangered; MMPA Protected; MMPA Depleted; CITES Appendix II; SPAW Annex II","; AlaskaRegion; New England/Mid-AtlanticRegion; Pacific IslandsRegion; SoutheastRegion; West Coast","https://www.fisheries.noaa.gov/species/blue-whale"
"Bluefish","Pomatomus saltatrix","Tailor, Snapper, Baby blues, Choppers, Elfs","Fish; Wild-Caught Seafood",NA,"; New England/Mid-AtlanticRegion; Southeast","https://www.fisheries.noaa.gov/species/bluefish"
"Bocaccio","Sebastes paucispinis","Bocaccio, Rock Salmon, Salmon Rockfish, Pacific Red Snapper, Pacific Snapper, Oregon Red Snapper, Oregon Snapper, Longjaw, Merou, Jack, Snapper, Rock Cod, Rockfish","Fish; Groundfish; Wild-Caught Seafood",NA,"; AlaskaRegion; West Coast","https://www.fisheries.noaa.gov/species/bocaccio"
"Bocaccio (Protected)","Sebastes paucispinis","Bocaccio, Rock Salmon, Salmon Rockfish, Pacific Red Snapper, Pacific Snapper, Oregon Red Snapper, Oregon Snapper, Longjaw, Merou, Jack, Snapper, Rock Cod, Rockfish","Fish; Groundfish; Protected Fish","ESA Endangered","; West Coast","https://www.fisheries.noaa.gov/species/bocaccio-protected"
"Bonnethead Shark","Sphyrna tiburo","Bonnet hammerhead, Bonnet shark, Bonnetnose shark, Shovelhead","Fish; Highly Migratory Fish; Sharks; Wild-Caught Seafood",NA,"; New England/Mid-AtlanticRegion; SoutheastRegion; West Coast","https://www.fisheries.noaa.gov/species/bonnethead-shark"
"Boring Giant Clam","Tridacna crocea",NA,"Invertebrates; Clams, Mussels, Oysters","ESA Proposed - Threatened; CITES Appendix II","; Pacific Islands","https://www.fisheries.noaa.gov/species/boring-giant-clam"
"Boulder Star Coral","Orbicella franksi",NA,"Invertebrates; Corals","ESA Threatened; CITES Appendix II; SPAW Annex II","; Southeast","https://www.fisheries.noaa.gov/species/boulder-star-coral"
"Bowhead Whale","Balaena mysticetus",NA,"Whales","ESA Endangered; MMPA Protected; MMPA Depleted; CITES Appendix I","; Alaska","https://www.fisheries.noaa.gov/species/bowhead-whale"
"Brazilian Guitarfish","Rhinobatos horkelii",NA,"Fish; Protected Fish","ESA Endangered - Foreign; CITES Appendix II","; Foreign","https://www.fisheries.noaa.gov/species/brazilian-guitarfish"
"Brown Rock Shrimp","Sicyonia brevirostris","Rock shrimp, Florida rock shrimp","Invertebrates; Shrimp; Wild-Caught Seafood",NA,"; New England/Mid-AtlanticRegion; Southeast","https://www.fisheries.noaa.gov/species/brown-rock-shrimp"
"Brown Shrimp","Farfantepenaeus aztecus","Brownies, Green lake shrimp, Red shrimp, Redtail shrimp, Golden shrimp, Native shrimp, Summer shrimp","Invertebrates; Shrimp; Wild-Caught Seafood",NA,"; New England/Mid-AtlanticRegion; Southeast","https://www.fisheries.noaa.gov/species/brown-shrimp"
"Bryde’s Whale","Balaenoptera edeni",NA,"Whales","MMPA Protected; CITES Appendix II; SPAW Annex II","; New England/Mid-AtlanticRegion; Pacific IslandsRegion; SoutheastRegion; West Coast","https://www.fisheries.noaa.gov/species/brydes-whale"
"Butterfish","Peprilus triacanthus","American butterfish, Atlantic butterfish, Dollarfish, Shiner, Skipjack, Sheepshead, Harvestfish","Fish; Wild-Caught Seafood",NA,"; New England/Mid-AtlanticRegion; Southeast","https://www.fisheries.noaa.gov/species/butterfish"
"California Market Squid",NA,"Squid, Pacific loligo squid, Opalescent inshore squid","Invertebrates; Squid; Wild-Caught Seafood",NA,"; West Coast","https://www.fisheries.noaa.gov/species/california-market-squid"
"California Sea Lion","Zalophus californianus",NA,"Seals & Sea Lions","MMPA Protected","; West Coast","https://www.fisheries.noaa.gov/species/california-sea-lion"
"Canary Rockfish","Sebastes pinniger","Canaries, Canary rockcod, Rockfish","Fish; Wild-Caught Seafood",NA,"; AlaskaRegion; West Coast","https://www.fisheries.noaa.gov/species/canary-rockfish"
"Cantharellus noumeae Coral","Cantharellus noumeae",NA,"Invertebrates; Corals","ESA Endangered - Foreign; CITES Appendix II","; Foreign","https://www.fisheries.noaa.gov/species/cantharellus-noumeae-coral"
"Caribbean Spiny Lobster","Panulirus argus","Crawfish, Rock lobster, Bug, Florida lobster, Langosta espinosa","Invertebrates; Wild-Caught Seafood",NA,"; Southeast","https://www.fisheries.noaa.gov/species/caribbean-spiny-lobster"
"Chambered Nautilus","Nautilus pompilius",NA,"Invertebrates; Other","ESA Threatened; CITES Appendix II","; Pacific Islands","https://www.fisheries.noaa.gov/species/chambered-nautilus"
"China Clam","Hippopus porcellanus",NA,"Invertebrates; Clams, Mussels, Oysters","ESA Proposed - Endangered; CITES Appendix II","; Foreign","https://www.fisheries.noaa.gov/species/china-clam"
"Chinese River Dolphin","Lipotes vexillifer",NA,"Dolphins & Porpoises","ESA Endangered - Foreign; MMPA Protected; MMPA Depleted; CITES Appendix I","; Foreign","https://www.fisheries.noaa.gov/species/chinese-river-dolphin"
"Chinese Sturgeon","Acipenser sinensis",NA,"Fish; Protected Fish","ESA Endangered - Foreign; CITES Appendix II","; Foreign","https://www.fisheries.noaa.gov/species/chinese-sturgeon"
"Chinook Salmon","Oncorhynchus tshawytscha","King salmon, Spring salmon, Tyee, Winter, Quinnat, Blackmouth","Fish; Wild-Caught Seafood",NA,"; AlaskaRegion; West Coast","https://www.fisheries.noaa.gov/species/chinook-salmon"
"Chinook Salmon (Protected)","Oncorhynchus tshawytscha",NA,"Fish; Protected Fish","ESA Endangered; ESA Endangered; ESA Threatened; ESA Threatened; ESA Threatened; ESA Threatened; ESA Threatened; ESA Threatened; ESA Threatened; ESA Experimental Population; ESA Experimental Population; ESA Experimental Population; ESA Experimental Population; ESA Experimental Population; ESA Candidate; ESA Candidate; ESA Candidate","; West Coast","https://www.fisheries.noaa.gov/species/chinook-salmon-protected"
"Chum Salmon","Oncorhynchus keta","Salmon, Chum, Keta, Dog salmon, Calico salmon, Chub","Fish; Wild-Caught Seafood",NA,"; AlaskaRegion; West Coast","https://www.fisheries.noaa.gov/species/chum-salmon"
"Chum Salmon (Protected)","Oncorhynchus keta",NA,"Fish; Salmon & Steelhead","ESA Threatened; ESA Threatened","; West Coast","https://www.fisheries.noaa.gov/species/chum-salmon-protected"
"Clymene Dolphin","Stenella clymene",NA,"Dolphins & Porpoises","MMPA Protected; CITES Appendix II; SPAW Annex II","; New England/Mid-AtlanticRegion; Southeast","https://www.fisheries.noaa.gov/species/clymene-dolphin"
"Cobia","Rachycentron canadum","Crabeater, Sergeantfish, Ling, Cabio, Cubby yew, Lemonfish","Fish; Wild-Caught Seafood",NA,"; New England/Mid-AtlanticRegion; Southeast","https://www.fisheries.noaa.gov/species/cobia"
"Coho Salmon","Oncorhynchus kisutch","Salmon, Silver salmon, Medium red salmon, Hoopid salmon, White salmon","Fish; Wild-Caught Seafood",NA,"; AlaskaRegion; West Coast","https://www.fisheries.noaa.gov/species/coho-salmon"
"Coho Salmon (Protected)","Oncorhynchus kisutch",NA,"Fish; Protected Fish","ESA Endangered; ESA Threatened; ESA Threatened; ESA Threatened","; West Coast","https://www.fisheries.noaa.gov/species/coho-salmon-protected"
"Common Angelshark","Squatina squatina",NA,"Fish; Protected Fish; Sharks","ESA Endangered - Foreign","; Foreign","https://www.fisheries.noaa.gov/species/common-angelshark"
"Common Bottlenose Dolphin","Tursiops truncatus",NA,"Dolphins & Porpoises","MMPA Protected; MMPA Depleted; MMPA Depleted; MMPA Depleted; MMPA Depleted; MMPA Depleted; CITES Appendix II; SPAW Annex II","; New England/Mid-AtlanticRegion; Pacific IslandsRegion; SoutheastRegion; West Coast","https://www.fisheries.noaa.gov/species/common-bottlenose-dolphin"
"Common Guitarfish","Rhinobatos rhinobatos",NA,"Fish; Protected Fish","ESA Threatened - Foreign; CITES Appendix II","; Foreign","https://www.fisheries.noaa.gov/species/common-guitarfish"
"Crimson Jobfish ('Ōpakapaka)","Pristipomoides filamentosus","Hawaiian pink snapper","Fish; Wild-Caught Seafood",NA,"; Pacific Islands","https://www.fisheries.noaa.gov/species/crimson-jobfish-opakapaka"
"Cuvier's Beaked Whale","Ziphius cavirostris",NA,"Whales","MMPA Protected; CITES Appendix II; SPAW Annex II","; AlaskaRegion; New England/Mid-AtlanticRegion; Pacific IslandsRegion; SoutheastRegion; West Coast","https://www.fisheries.noaa.gov/species/cuviers-beaked-whale"
"Daggernose Shark","Isogomphodon oxyrhynchus",NA,"Fish; Protected Fish; Sharks","ESA Endangered - Foreign; CITES Appendix II","; Foreign","https://www.fisheries.noaa.gov/species/daggernose-shark"
"Dall’s Porpoise","Phocoenoides dalli",NA,"Dolphins & Porpoises","MMPA Protected; CITES Appendix II","; AlaskaRegion; West Coast","https://www.fisheries.noaa.gov/species/dalls-porpoise"
"Devil Clam","Tridacna mbalavuana",NA,"Invertebrates; Clams, Mussels, Oysters","ESA Proposed - Endangered; CITES Appendix II","; Foreign","https://www.fisheries.noaa.gov/species/devil-clam"
"Dover Sole","Microstomus pacificus","Sole, Slippery sole","Fish; Wild-Caught Seafood",NA,"; AlaskaRegion; West Coast","https://www.fisheries.noaa.gov/species/dover-sole"
"Dusky Sea Snake","Aipysurus fuscus",NA,"Other","ESA Endangered - Foreign","; Foreign","https://www.fisheries.noaa.gov/species/dusky-sea-snake"
"Dwarf Sawfish","Pristis clavata",NA,"Fish; Protected Fish","ESA Endangered - Foreign; CITES Appendix I","; Foreign","https://www.fisheries.noaa.gov/species/dwarf-sawfish"
"Dwarf Seahorse","Hippocampus zosterae",NA,"Fish","CITES Appendix II","; Southeast","https://www.fisheries.noaa.gov/species/dwarf-seahorse"
"Dwarf Sperm Whale","Kogia sima",NA,"Whales","MMPA Protected; CITES Appendix II; SPAW Annex II","; New England/Mid-AtlanticRegion; Pacific IslandsRegion; SoutheastRegion; West Coast","https://www.fisheries.noaa.gov/species/dwarf-sperm-whale"
"Eastern Oyster","Crassostrea virginica","American oyster, Atlantic oyster, American cupped oyster, Virginia oyster","Invertebrates; Clams, Mussels, Oysters; Farmed Seafood",NA,"; New England/Mid-AtlanticRegion; Southeast","https://www.fisheries.noaa.gov/species/eastern-oyster"
"Elkhorn Coral","Acropora palmata",NA,"Invertebrates; Corals","ESA Threatened; CITES Appendix II; SPAW Annex II","; Southeast","https://www.fisheries.noaa.gov/species/elkhorn-coral"
"English Sole","Parophrys vetulus","Sole, Lemon sole","Fish; Wild-Caught Seafood",NA,"; AlaskaRegion; West Coast","https://www.fisheries.noaa.gov/species/english-sole"
"Eulachon","Thaleichthys pacificus",NA,"Fish; Protected Fish","ESA Threatened","; AlaskaRegion; West Coast","https://www.fisheries.noaa.gov/species/eulachon"
"European Sturgeon","Acipenser sturio",NA,"Fish; Protected Fish","ESA Endangered - Foreign; CITES Appendix I","; Foreign","https://www.fisheries.noaa.gov/species/european-sturgeon"
"False Killer Whale","Pseudorca crassidens",NA,"Dolphins & Porpoises; Whales","ESA Endangered; MMPA Protected; MMPA Depleted; CITES Appendix II; SPAW Annex II","; AlaskaRegion; Pacific IslandsRegion; SoutheastRegion; West Coast","https://www.fisheries.noaa.gov/species/false-killer-whale"
"Federally Managed Gulf of America Reef Fish","Multiple species",NA,"Fish; Reef Fish",NA,"; Southeast","https://www.fisheries.noaa.gov/species/federally-managed-gulf-america-reef-fish"
"Fimbriaphyllia paradivisa Coral","Fimbriaphyllia paradivisa","Euphyllia paradivisa","Invertebrates; Corals","ESA Threatened; CITES Appendix II","; Pacific Islands","https://www.fisheries.noaa.gov/species/fimbriaphyllia-paradivisa-coral"
"Fin Whale","Balaenoptera physalus",NA,"Whales","ESA Endangered; MMPA Protected; MMPA Depleted; CITES Appendix I; SPAW Annex II","; AlaskaRegion; New England/Mid-AtlanticRegion; Pacific IslandsRegion; SoutheastRegion; West Coast","https://www.fisheries.noaa.gov/species/fin-whale"
"Finetooth Shark","Carcharhinus isodon","Eventooth shark, Night shark, Smoothtooth shark","Fish; Highly Migratory Fish; Sharks; Wild-Caught Seafood",NA,"; New England/Mid-AtlanticRegion; Southeast","https://www.fisheries.noaa.gov/species/finetooth-shark"
"Flathead Sole","Hippoglossoides elassodon","Sole, Flounder, Flathead flounder, Halibut-like flounder","Fish; Wild-Caught Seafood",NA,"; AlaskaRegion; West Coast","https://www.fisheries.noaa.gov/species/flathead-sole"
"Fluted Giant Clam","Tridacna squamosa","Scaly Giant Clam","Invertebrates; Clams, Mussels, Oysters","ESA Proposed - Threatened; CITES Appendix II","; Pacific Islands","https://www.fisheries.noaa.gov/species/fluted-giant-clam"
"Fraser's Dolphin","Lagenodelphis hosei",NA,"Dolphins & Porpoises","MMPA Protected; CITES Appendix II; SPAW Annex II","; Pacific IslandsRegion; Southeast","https://www.fisheries.noaa.gov/species/frasers-dolphin"
"Gag Grouper","Mycteroperca microlepis","Grouper, Copper belly, Charcoal belly","Fish; Wild-Caught Seafood",NA,"; Southeast","https://www.fisheries.noaa.gov/species/gag-grouper"
"Geoduck","Panopea generosa","King Clam, Elephant Clam, Gweduck, Goeduck, Goiduck","Invertebrates; Clams, Mussels, Oysters; Farmed Seafood",NA,"; AlaskaRegion; West Coast","https://www.fisheries.noaa.gov/species/geoduck"
"Gervais' Beaked Whale","Mesoplodon europaeus",NA,"Whales","MMPA Protected; CITES Appendix II; SPAW Annex II","; New England/Mid-AtlanticRegion; Southeast","https://www.fisheries.noaa.gov/species/gervais-beaked-whale"
"Giant Manta Ray","Mobula birostris",NA,"Fish; Protected Fish","ESA Threatened; CITES Appendix II; SPAW Annex II","; New England/Mid-AtlanticRegion; Pacific IslandsRegion; SoutheastRegion; West Coast","https://www.fisheries.noaa.gov/species/giant-manta-ray"
"Golden Tilefish","Lopholatilus chamaeleonticeps","Golden bass, Golden snapper, Great northern tilefish, Rainbow tilefish","Fish; Wild-Caught Seafood",NA,"; New England/Mid-AtlanticRegion; Southeast","https://www.fisheries.noaa.gov/species/golden-tilefish"
"Gray Seal","Halichoerus grypus",NA,"Seals & Sea Lions","MMPA Protected","; New England/Mid-Atlantic","https://www.fisheries.noaa.gov/species/gray-seal"
"Gray Triggerfish","Balistes capriscus","Grey triggerfish, Leatherjacket, Leatherneck, Taly","Fish; Wild-Caught Seafood",NA,"; Southeast","https://www.fisheries.noaa.gov/species/gray-triggerfish"
"Gray Whale","Eschrichtius robustus",NA,"Whales","ESA Endangered; MMPA Protected; MMPA Depleted; CITES Appendix I","; AlaskaRegion; West Coast","https://www.fisheries.noaa.gov/species/gray-whale"
"Greater Amberjack","Seriola dumerili","Amberjack, Medregal, Coronado","Fish; Wild-Caught Seafood",NA,"; New England/Mid-AtlanticRegion; Southeast","https://www.fisheries.noaa.gov/species/greater-amberjack"
"Green Abalone","Haliotis fulgens",NA,"Invertebrates; Abalone",NA,"; West Coast","https://www.fisheries.noaa.gov/species/green-abalone"
"Green Sawfish","Pristis zijsron","Narrowsnout sawfish,Longcomb sawfish","Fish; Protected Fish","ESA Endangered - Foreign; CITES Appendix I","; Foreign","https://www.fisheries.noaa.gov/species/green-sawfish"
"Green Sturgeon","Acipenser medirostris",NA,"Fish; Protected Fish","ESA Threatened; CITES Appendix II","; AlaskaRegion; West Coast","https://www.fisheries.noaa.gov/species/green-sturgeon"
"Green Turtle","Chelonia mydas",NA,"Sea Turtles","ESA Endangered; ESA Endangered; ESA Endangered - Foreign; ESA Threatened; ESA Threatened; ESA Threatened; ESA Threatened; ESA Threatened - Foreign; ESA Threatened - Foreign; ESA Threatened - Foreign; ESA Threatened - Foreign; CITES Appendix I; SPAW Annex II","; New England/Mid-AtlanticRegion; Pacific IslandsRegion; SoutheastRegion; West Coast","https://www.fisheries.noaa.gov/species/green-turtle"
"Greenland Turbot","Reinhardtius hippoglossoides","Greenland halibut, Turbot, Newfoundland turbot, Blue halibut","Fish; Wild-Caught Seafood",NA,"; Alaska","https://www.fisheries.noaa.gov/species/greenland-turbot"
"Guadalupe Fur Seal","Arctocephalus townsendi",NA,"Seals & Sea Lions","ESA Threatened; MMPA Protected; MMPA Depleted; CITES Appendix I","; AlaskaRegion; West Coast","https://www.fisheries.noaa.gov/species/guadalupe-fur-seal"
"Gulf Grouper","Mycteroperca jordani",NA,"Fish; Protected Fish","ESA Endangered - Foreign","; Foreign","https://www.fisheries.noaa.gov/species/gulf-grouper"
"Gulf Sturgeon","Acipenser oxyrinchus desotoi",NA,"Fish; Protected Fish","ESA Threatened; CITES Appendix II","; Southeast","https://www.fisheries.noaa.gov/species/gulf-sturgeon"
"Haddock","Melanogrammus aeglefinus","Scrod","Fish; Groundfish; Wild-Caught Seafood",NA,"; New England/Mid-Atlantic","https://www.fisheries.noaa.gov/species/haddock"
"Harbor Porpoise","Phocoena phocoena",NA,"Dolphins & Porpoises","MMPA Protected; CITES Appendix II","; AlaskaRegion; New England/Mid-AtlanticRegion; SoutheastRegion; West Coast","https://www.fisheries.noaa.gov/species/harbor-porpoise"
"Harbor Seal","Phoca vitulina",NA,"Seals & Sea Lions","MMPA Protected","; AlaskaRegion; New England/Mid-AtlanticRegion; SoutheastRegion; West Coast","https://www.fisheries.noaa.gov/species/harbor-seal"
"Harp Seal","Pagophilus groenlandicus",NA,"Seals & Sea Lions","MMPA Protected","; New England/Mid-Atlantic","https://www.fisheries.noaa.gov/species/harp-seal"
"Hawaiian Monk Seal","Neomonachus schauinslandi",NA,"Seals & Sea Lions","ESA Endangered; MMPA Protected; MMPA Depleted; CITES Appendix I","; Pacific Islands","https://www.fisheries.noaa.gov/species/hawaiian-monk-seal"
"Hawksbill Turtle","Eretmochelys imbricata",NA,"Sea Turtles","ESA Endangered; CITES Appendix I; SPAW Annex II","; Pacific IslandsRegion; Southeast","https://www.fisheries.noaa.gov/species/hawksbill-turtle"
"Hector’s Dolphin","Cephalorhynchus hectori",NA,"Dolphins & Porpoises","ESA Endangered - Foreign; ESA Threatened - Foreign; MMPA Protected; CITES Appendix II","; Foreign","https://www.fisheries.noaa.gov/species/hectors-dolphin"
"Hooded Seal","Cystophora cristata",NA,"Seals & Sea Lions","MMPA Protected","; New England/Mid-Atlantic","https://www.fisheries.noaa.gov/species/hooded-seal"
"Horse’s Hoof Clam","Hippopus hippopus","Bear Paw Clam, Strawberry Clam","Invertebrates; Clams, Mussels, Oysters","ESA Proposed - Threatened; CITES Appendix II","; Pacific Islands","https://www.fisheries.noaa.gov/species/horses-hoof-clam"
"Humpback Whale","Megaptera novaeangliae",NA,"Whales","ESA Endangered; ESA Endangered; ESA Endangered - Foreign; ESA Endangered - Foreign; ESA Threatened; MMPA Protected; MMPA Depleted; MMPA Depleted; MMPA Depleted; CITES Appendix I; SPAW Annex II","; AlaskaRegion; New England/Mid-AtlanticRegion; Pacific IslandsRegion; SoutheastRegion; West Coast","https://www.fisheries.noaa.gov/species/humpback-whale"
"Indus River Dolphin","Platanista gangetica minor",NA,"Dolphins & Porpoises","ESA Endangered - Foreign; MMPA Protected; MMPA Depleted; CITES Appendix II","; Foreign","https://www.fisheries.noaa.gov/species/indus-river-dolphin"
"Island Grouper","Mycteroperca fusca",NA,"Fish; Protected Fish; Reef Fish","ESA Threatened - Foreign","; Foreign","https://www.fisheries.noaa.gov/species/island-grouper"
"Isopora crateriformis Coral","Isopora crateriformis",NA,"Invertebrates; Corals","ESA Threatened; CITES Appendix II","; Pacific Islands","https://www.fisheries.noaa.gov/species/isopora-crateriformis-coral"
"Jonah Crab","Cancer borealis",NA,"Invertebrates; Crab; Wild-Caught Seafood",NA,"; New England/Mid-Atlantic","https://www.fisheries.noaa.gov/species/jonah-crab"
"Kaluga Sturgeon","Huso dauricus",NA,"Fish; Protected Fish","ESA Endangered - Foreign; CITES Appendix II","; Foreign","https://www.fisheries.noaa.gov/species/kaluga-sturgeon"
"Kemp's Ridley Turtle","Lepidochelys kempii",NA,"Sea Turtles","ESA Endangered; CITES Appendix I; SPAW Annex II","; New England/Mid-AtlanticRegion; Southeast","https://www.fisheries.noaa.gov/species/kemps-ridley-turtle"
"Killer Whale","Orcinus orca","Orca","Dolphins & Porpoises; Whales","ESA Endangered; MMPA Protected; MMPA Depleted; CITES Appendix II; SPAW Annex II","; AlaskaRegion; New England/Mid-AtlanticRegion; Pacific IslandsRegion; SoutheastRegion; West Coast","https://www.fisheries.noaa.gov/species/killer-whale"
"King Mackerel","Scomberomorus cavalla","Cavalla, Sierra","Fish; Wild-Caught Seafood",NA,"; Southeast","https://www.fisheries.noaa.gov/species/king-mackerel"
"Largetooth Sawfish","Pristis pristis","Freshwater sawfish","Fish; Protected Fish","ESA Endangered - Foreign; CITES Appendix I; SPAW Annex II","; Foreign","https://www.fisheries.noaa.gov/species/largetooth-sawfish"
"Leatherback Turtle","Dermochelys coriacea",NA,"Sea Turtles","ESA Endangered; CITES Appendix I; SPAW Annex II","; AlaskaRegion; New England/Mid-AtlanticRegion; Pacific IslandsRegion; SoutheastRegion; West Coast","https://www.fisheries.noaa.gov/species/leatherback-turtle"
"Lingcod","Ophiodon elongatus","Cultus cod, Blue cod, Bluefish, Green cod, Buffalo cod, Greenling, White cod","Fish; Wild-Caught Seafood",NA,"; West Coast","https://www.fisheries.noaa.gov/species/lingcod"
"Lobed Star Coral","Orbicella annularis",NA,"Invertebrates; Corals","ESA Threatened; CITES Appendix II; SPAW Annex III","; Southeast","https://www.fisheries.noaa.gov/species/lobed-star-coral"
"Loggerhead Turtle","Caretta caretta",NA,"Sea Turtles","ESA Endangered; ESA Endangered - Foreign; ESA Endangered - Foreign; ESA Endangered - Foreign; ESA Endangered - Foreign; ESA Threatened; ESA Threatened - Foreign; ESA Threatened - Foreign; ESA Threatened - Foreign; CITES Appendix I; SPAW Annex II","; New England/Mid-AtlanticRegion; Pacific IslandsRegion; SoutheastRegion; West Coast","https://www.fisheries.noaa.gov/species/loggerhead-turtle"
"Long-Beaked Common Dolphin","Delphinus capensis",NA,"Dolphins & Porpoises","MMPA Protected; CITES Appendix II","; West Coast","https://www.fisheries.noaa.gov/species/long-beaked-common-dolphin"
"Long-Finned Pilot Whale","Globicephala melas",NA,"Dolphins & Porpoises; Whales","MMPA Protected; CITES Appendix II; SPAW Annex II","; New England/Mid-AtlanticRegion; Southeast","https://www.fisheries.noaa.gov/species/long-finned-pilot-whale"
"Longfin Squid",NA,"Longfin inshore squid, Loligo, Winter squid, Boston squid","Invertebrates; Squid; Wild-Caught Seafood",NA,"; New England/Mid-AtlanticRegion; Southeast","https://www.fisheries.noaa.gov/species/longfin-squid"
"Longman's Beaked Whale","Indopacetus pacificus",NA,"Whales","MMPA Protected; CITES Appendix II","; Pacific Islands","https://www.fisheries.noaa.gov/species/longmans-beaked-whale"
"Longtail Red Snapper (Onaga)","Etelis coruscans","Flame snapper, Longtail snapper, Red snapper, Ruby snapper, Palu-atu, Palu-loa, Palu-malau, Ulaʻula koaʻe","Fish; Wild-Caught Seafood",NA,"; Pacific Islands","https://www.fisheries.noaa.gov/species/longtail-red-snapper-onaga"
"Main Hawaiian Islands Deep 7 Bottomfish","Multiple species",NA,"Fish; Groundfish; Wild-Caught Seafood",NA,"; Pacific Islands","https://www.fisheries.noaa.gov/species/main-hawaiian-islands-deep-7-bottomfish"
"Mediterranean Monk Seal","Monachus monachus",NA,"Seals & Sea Lions","ESA Endangered - Foreign; MMPA Protected; MMPA Depleted; CITES Appendix I","; Foreign","https://www.fisheries.noaa.gov/species/mediterranean-monk-seal"
"Melon-Headed Whale","Peponocephala electra",NA,"Dolphins & Porpoises; Whales","MMPA Protected; CITES Appendix II; SPAW Annex II","; New England/Mid-AtlanticRegion; Pacific IslandsRegion; SoutheastRegion; West Coast","https://www.fisheries.noaa.gov/species/melon-headed-whale"
"Minke Whale","Balaenoptera acutorostrata",NA,"Whales","MMPA Protected; CITES Appendix I; CITES Appendix II; SPAW Annex II","; AlaskaRegion; New England/Mid-AtlanticRegion; Pacific IslandsRegion; SoutheastRegion; West Coast","https://www.fisheries.noaa.gov/species/minke-whale"
"Monkfish","Lophius americanus","Goosefish, Monktails, Angler, Fishing frog, Allmouth, Molligut, Abbot, Sea-devil, Lotte","Fish; Wild-Caught Seafood",NA,"; New England/Mid-AtlanticRegion; Southeast","https://www.fisheries.noaa.gov/species/monkfish"
"Montipora australiensis Coral","Montipora australiensis",NA,"Invertebrates; Corals","ESA Threatened - Foreign; CITES Appendix II","; Foreign","https://www.fisheries.noaa.gov/species/montipora-australiensis-coral"
"Mountainous Star Coral","Orbicella faveolata",NA,"Invertebrates; Corals","ESA Threatened; CITES Appendix II; SPAW Annex II","; Southeast","https://www.fisheries.noaa.gov/species/mountainous-star-coral"
"Narrow Sawfish","Anoxypristis cuspidata","Knifetooth sawfish, Pointed sawfish","Fish; Protected Fish","ESA Endangered - Foreign; CITES Appendix I","; Foreign","https://www.fisheries.noaa.gov/species/narrow-sawfish"
"Narrownose Smoothhound Shark","Mustelus schmitti",NA,"Fish; Protected Fish; Sharks","ESA Threatened - Foreign","; Foreign","https://www.fisheries.noaa.gov/species/narrownose-smoothhound-shark"
"Narwhal","Monodon monoceros",NA,"Whales","MMPA Protected; CITES Appendix II","; Alaska","https://www.fisheries.noaa.gov/species/narwhal"
"Nassau Grouper","Epinephelus striatus",NA,"Fish; Protected Fish; Reef Fish","ESA Threatened; SPAW Annex III","; Southeast","https://www.fisheries.noaa.gov/species/nassau-grouper"
"Noah’s Giant Clam","Tridacna noae",NA,"Invertebrates; Clams, Mussels, Oysters","ESA Proposed - Threatened; CITES Appendix II","; Pacific Islands","https://www.fisheries.noaa.gov/species/noahs-giant-clam"
"North Atlantic Albacore Tuna","Thunnus alalunga","Northern albacore, Longfin tuna, Germon","Fish; Highly Migratory Fish; Wild-Caught Seafood",NA,"; New England/Mid-AtlanticRegion; Southeast","https://www.fisheries.noaa.gov/species/north-atlantic-albacore-tuna"
"North Atlantic Right Whale","Eubalaena glacialis",NA,"Whales","ESA Endangered; MMPA Protected; MMPA Depleted; CITES Appendix I; SPAW Annex II","; New England/Mid-AtlanticRegion; Southeast","https://www.fisheries.noaa.gov/species/north-atlantic-right-whale"
"North Atlantic Swordfish","Xiphias gladius","Broadbilled swordfish, Broadbill, Espada, Emperado","Fish; Highly Migratory Fish; Wild-Caught Seafood",NA,"; New England/Mid-AtlanticRegion; Southeast","https://www.fisheries.noaa.gov/species/north-atlantic-swordfish"
"North Pacific Right Whale","Eubalaena japonica",NA,"Whales","ESA Endangered; MMPA Protected; MMPA Depleted; CITES Appendix I","; AlaskaRegion; West Coast","https://www.fisheries.noaa.gov/species/north-pacific-right-whale"
"North Pacific Swordfish","Xiphias gladius","Broadbill swordfish, Espada, Emperado, A`u, Mekajiki, Shutome","Fish; Highly Migratory Fish; Wild-Caught Seafood",NA,"; Pacific IslandsRegion; West Coast","https://www.fisheries.noaa.gov/species/north-pacific-swordfish"
"Northeast Multispecies (Groundfish)",NA,NA,"Fish; Groundfish; Wild-Caught Seafood",NA,"; New England/Mid-Atlantic","https://www.fisheries.noaa.gov/species/northeast-multispecies-groundfish"
"Northeast Skate Complex","Multiple species",NA,"Fish; Wild-Caught Seafood",NA,"; New England/Mid-Atlantic","https://www.fisheries.noaa.gov/species/northeast-skate-complex"
"Northern Anchovy","Engraulis mordax","Anchovy, North Pacific anchovy, California anchovy","Fish; Wild-Caught Seafood",NA,"; West Coast","https://www.fisheries.noaa.gov/species/northern-anchovy"
"Northern Bottlenose Whale","Hyperoodon ampullatus",NA,"Whales","MMPA Protected; CITES Appendix I","; New England/Mid-Atlantic","https://www.fisheries.noaa.gov/species/northern-bottlenose-whale"
"Northern Elephant Seal","Mirounga angustirostris",NA,"Seals & Sea Lions","MMPA Protected","; AlaskaRegion; West Coast","https://www.fisheries.noaa.gov/species/northern-elephant-seal"
"Northern Fur Seal","Callorhinus ursinus",NA,"Seals & Sea Lions","MMPA Protected; MMPA Depleted","; AlaskaRegion; West Coast","https://www.fisheries.noaa.gov/species/northern-fur-seal"
"Northern Quahog","Mercenaria mercenaria","Quahog, Hard clam, Round clam, Chowder clam","Invertebrates; Clams, Mussels, Oysters; Farmed Seafood",NA,"; New England/Mid-AtlanticRegion; Southeast","https://www.fisheries.noaa.gov/species/northern-quahog"
"Northern Right Whale Dolphin","Lissodelphis borealis",NA,"Dolphins & Porpoises","MMPA Protected; CITES Appendix II","; West Coast","https://www.fisheries.noaa.gov/species/northern-right-whale-dolphin"
"Ocean Pout","Zoarces americanus",NA,"Fish; Groundfish; Wild-Caught Seafood",NA,"; New England/Mid-Atlantic","https://www.fisheries.noaa.gov/species/ocean-pout"
"Ocean Quahog","Arctica islandica","Clam, Quahog, Black clam, Mahogany quahog","Invertebrates; Clams, Mussels, Oysters; Wild-Caught Seafood",NA,"; New England/Mid-AtlanticRegion; Southeast","https://www.fisheries.noaa.gov/species/ocean-quahog"
"Oceanic Whitetip Shark","Carcharhinus longimanus",NA,"Fish; Highly Migratory Fish; Protected Fish; Sharks","ESA Threatened; CITES Appendix II; SPAW Annex II","; New England/Mid-AtlanticRegion; Pacific IslandsRegion; SoutheastRegion; West Coast","https://www.fisheries.noaa.gov/species/oceanic-whitetip-shark"
"Olive Ridley Turtle","Lepidochelys olivacea",NA,"Sea Turtles","ESA Endangered; ESA Threatened; CITES Appendix I; SPAW Annex II","; Pacific IslandsRegion; SoutheastRegion; West Coast","https://www.fisheries.noaa.gov/species/olive-ridley-turtle"
"Opah","Lampris guttatus, Lampris spp.","Moonfish","Fish; Wild-Caught Seafood",NA,"; New England/Mid-AtlanticRegion; Pacific IslandsRegion; SoutheastRegion; West Coast","https://www.fisheries.noaa.gov/species/opah"
"Pacific Albacore Tuna","Thunnus alalunga","Albacore, Germon, Longfinned tuna, Albecor, Ahipalaha, Tombo","Fish; Highly Migratory Fish; Wild-Caught Seafood",NA,"; Pacific IslandsRegion; West Coast","https://www.fisheries.noaa.gov/species/pacific-albacore-tuna"
"Pacific Bigeye Tuna","Thunnus obesus","Bigeye, `Ahi, Mabachi","Fish; Highly Migratory Fish; Wild-Caught Seafood",NA,"; Pacific IslandsRegion; West Coast","https://www.fisheries.noaa.gov/species/pacific-bigeye-tuna"
"Pacific Blue Marlin","Makaira nigricans","A‘u, Kajiki, Aguja azul","Fish; Wild-Caught Seafood",NA,"; Pacific Islands","https://www.fisheries.noaa.gov/species/pacific-blue-marlin"
"Pacific Bluefin Tuna","Thunnus orientalis","Northern bluefin tuna, Tuna, Bluefin tuna","Fish; Highly Migratory Fish; Wild-Caught Seafood",NA,"; Pacific IslandsRegion; West Coast","https://www.fisheries.noaa.gov/species/pacific-bluefin-tuna"
"Pacific Cod","Gadus macrocephalus","Cod, Alaska cod, Gray cod, True cod","Fish; Wild-Caught Seafood",NA,"; AlaskaRegion; West Coast","https://www.fisheries.noaa.gov/species/pacific-cod"
"Pacific Common Thresher Shark","Alopias vulpinus","Thresher shark, Fox shark, Sea fox, Swingletail, Whiptail shark, Thintail shark","Fish; Highly Migratory Fish; Sharks; Wild-Caught Seafood",NA,"; Pacific IslandsRegion; West Coast","https://www.fisheries.noaa.gov/species/pacific-common-thresher-shark"
"Pacific Halibut","Hippoglossus stenolepis","Halibut, Alaskan halibut","Fish; Wild-Caught Seafood",NA,"; AlaskaRegion; West Coast","https://www.fisheries.noaa.gov/species/pacific-halibut"
"Pacific Herring","Clupea pallasii",NA,"Fish",NA,"; AlaskaRegion; West Coast","https://www.fisheries.noaa.gov/species/pacific-herring"
"Pacific Mackerel","Scomber japonicus","Chub mackerel, Spanish mackerel","Fish; Wild-Caught Seafood",NA,"; West Coast","https://www.fisheries.noaa.gov/species/pacific-mackerel"
"Pacific Mahimahi","Coryphaena hippurus","Mahi mahi, Dolphinfish, Dorado","Fish; Highly Migratory Fish; Wild-Caught Seafood",NA,"; Pacific IslandsRegion; West Coast","https://www.fisheries.noaa.gov/species/pacific-mahimahi"
"Pacific Ocean Perch","Sebastes alutus","POP, Rockfish","Fish; Wild-Caught Seafood",NA,"; AlaskaRegion; West Coast","https://www.fisheries.noaa.gov/species/pacific-ocean-perch"
"Pacific Oyster","Crassostrea gigas; Magallana gigas","Japanese oyster, Miyagi oyster, Pacific cupped oyster","Invertebrates; Clams, Mussels, Oysters; Farmed Seafood; Fish; Wild-Caught Seafood",NA,"; AlaskaRegion; West Coast","https://www.fisheries.noaa.gov/species/pacific-oyster"
"Pacific Salmon and Steelhead","Multiple species",NA,"Fish; Protected Fish; Wild-Caught Seafood",NA,"; AlaskaRegion; West Coast","https://www.fisheries.noaa.gov/species/pacific-salmon-and-steelhead"
"Pacific Sardine","Sardinops sagax caerulea","Pilchard, California sardine, California pilchard, Sardina, Sardine","Fish; Wild-Caught Seafood",NA,"; West Coast","https://www.fisheries.noaa.gov/species/pacific-sardine"
"Pacific Shortfin Mako Shark","Isurus oxyrinchus","Mako shark, Blue pointer, Bonito shark, Pacific mako shark","Fish; Highly Migratory Fish; Sharks; Wild-Caught Seafood",NA,"; Pacific IslandsRegion; West Coast","https://www.fisheries.noaa.gov/species/pacific-shortfin-mako-shark"
"Pacific Skipjack Tuna","Katsuwonus pelamis","Ocean bonito, Lesser tuna, Aku, Katsuo","Fish; Highly Migratory Fish; Wild-Caught Seafood",NA,"; Pacific IslandsRegion; West Coast","https://www.fisheries.noaa.gov/species/pacific-skipjack-tuna"
"Pacific Spiny Dogfish","Squalus suckleyi","Dogfish, Spring dogfish, Spiked dogfish, Grayfish, Spur dog, Piked dogfish","Fish; Sharks; Wild-Caught Seafood",NA,"; AlaskaRegion; West Coast","https://www.fisheries.noaa.gov/species/pacific-spiny-dogfish"
"Pacific Wahoo","Acanthocybium solanderi","Kingfish, Peto, Guarapucu, Ono, Thazard batard, Wahoo","Fish; Wild-Caught Seafood",NA,"; Pacific IslandsRegion; West Coast","https://www.fisheries.noaa.gov/species/pacific-wahoo"
"Pacific White-Sided Dolphin","Lagenorhynchus obliquidens",NA,"Dolphins & Porpoises","MMPA Protected; CITES Appendix II","; AlaskaRegion; West Coast","https://www.fisheries.noaa.gov/species/pacific-white-sided-dolphin"
"Pacific Whiting","Mercluccius productus","Pacific hake","Fish; Wild-Caught Seafood",NA,"; West Coast","https://www.fisheries.noaa.gov/species/pacific-whiting"
"Pacific Yellowfin Tuna","Thunnus albacares","Ahi, Kihada","Fish; Highly Migratory Fish; Wild-Caught Seafood",NA,"; Pacific IslandsRegion; West Coast","https://www.fisheries.noaa.gov/species/pacific-yellowfin-tuna"
"Pantropical Spotted Dolphin","Stenella attenuata",NA,"Dolphins & Porpoises","MMPA Protected; MMPA Depleted; CITES Appendix II; SPAW Annex II","; New England/Mid-AtlanticRegion; Pacific IslandsRegion; Southeast","https://www.fisheries.noaa.gov/species/pantropical-spotted-dolphin"
"Pavona diffluens Coral","Pavona diffluens",NA,"Invertebrates; Corals","ESA Threatened - Foreign; CITES Appendix II","; Foreign","https://www.fisheries.noaa.gov/species/pavona-diffluens-coral"
"Petrale Sole","Eopsetta jordani","Sole, Flounder, California sole, Brill, Petral, Jordan’s flounder, Round-nosed sole","Fish; Wild-Caught Seafood",NA,"; AlaskaRegion; West Coast","https://www.fisheries.noaa.gov/species/petrale-sole"
"Pillar Coral","Dendrogyra cylindrus",NA,"Invertebrates; Corals","ESA Endangered; CITES Appendix II; SPAW Annex III","; Southeast","https://www.fisheries.noaa.gov/species/pillar-coral"
"Pink Abalone","Haliotis corrugata",NA,"Invertebrates; Abalone",NA,"; West Coast","https://www.fisheries.noaa.gov/species/pink-abalone"
"Pink Salmon","Oncorhynchus gorbuscha","Humpback salmon, Humpy, Gorbusch, Haddo, Holia","Fish; Wild-Caught Seafood",NA,"; AlaskaRegion; West Coast","https://www.fisheries.noaa.gov/species/pink-salmon"
"Pink Shrimp","Farfantepenaeus duorarum","Spotted shrimp, Hopper, Pink spotted shrimp, Brown spotted shrimp, Grooved shrimp, Green shrimp, Pink night shrimp, Red shrimp, Skipper, Pushed shrimp","Invertebrates; Shrimp; Wild-Caught Seafood",NA,"; New England/Mid-AtlanticRegion; Southeast","https://www.fisheries.noaa.gov/species/pink-shrimp"
"Pinto Abalone","Haliotis kamtschatkana","Northern Abalone, Threaded Abalone","Invertebrates; Abalone",NA,"; AlaskaRegion; West Coast","https://www.fisheries.noaa.gov/species/pinto-abalone"
"Pocillopora meandrina Coral","Pocillopora meandrina","Cauliflower coral","Invertebrates; Corals",NA,"; Pacific Islands","https://www.fisheries.noaa.gov/species/pocillopora-meandrina-coral"
"Porites napopora Coral","Porites napopora",NA,"Invertebrates; Corals","ESA Threatened - Foreign; CITES Appendix II","; Foreign","https://www.fisheries.noaa.gov/species/porites-napopora-coral"
"Pygmy Killer Whale","Feresa attenuata",NA,"Dolphins & Porpoises; Whales","MMPA Protected; CITES Appendix II; SPAW Annex II","; New England/Mid-AtlanticRegion; Pacific IslandsRegion; Southeast","https://www.fisheries.noaa.gov/species/pygmy-killer-whale"
"Pygmy Sperm Whale","Kogia breviceps",NA,"Whales","MMPA Protected; CITES Appendix II; SPAW Annex II","; New England/Mid-AtlanticRegion; Pacific IslandsRegion; SoutheastRegion; West Coast","https://www.fisheries.noaa.gov/species/pygmy-sperm-whale"
"Queen Conch","Aliger gigas","Strombus gigas, Lobatus gigas, Conch, Pink conch, Carrucho, Caracol reina","Invertebrates; Protected Invertebrate; Wild-Caught Seafood","ESA Threatened; CITES Appendix II; SPAW Annex III","; Southeast","https://www.fisheries.noaa.gov/species/queen-conch"
"Red Grouper","Epinephelus morio","Grouper, Cherna americana, Negre","Fish; Wild-Caught Seafood",NA,"; New England/Mid-AtlanticRegion; Southeast","https://www.fisheries.noaa.gov/species/red-grouper"
"Red Hake","Urophycis chuss","Ling, Squirrel hake","Fish; Wild-Caught Seafood",NA,"; New England/Mid-AtlanticRegion; Southeast","https://www.fisheries.noaa.gov/species/red-hake"
"Red King Crab","Paralithodes camtschaticus","Alaska king crab, King crab","Invertebrates; Crab; Wild-Caught Seafood",NA,"; Alaska","https://www.fisheries.noaa.gov/species/red-king-crab"
"Red Sea Giant Clam","Tridacna squamosina",NA,"Invertebrates; Clams, Mussels, Oysters","ESA Proposed - Endangered; CITES Appendix II","; Foreign","https://www.fisheries.noaa.gov/species/red-sea-giant-clam"
"Red Snapper","Lutjanus campechanus","Snapper, Genuine red snapper, American reds, Spot snapper","Fish; Wild-Caught Seafood",NA,"; Southeast","https://www.fisheries.noaa.gov/species/red-snapper"
"Rex Sole","Glyptocephalus zachirus","Witch sole, Threadfin sole","Fish; Wild-Caught Seafood",NA,"; AlaskaRegion; West Coast","https://www.fisheries.noaa.gov/species/rex-sole"
"Ribbon Seal","Histriophoca fasciata",NA,"Seals & Sea Lions","MMPA Protected","; Alaska","https://www.fisheries.noaa.gov/species/ribbon-seal"
"Rice's Whale","Balaenoptera ricei",NA,"Whales","ESA Endangered; MMPA Protected; MMPA Depleted; CITES Appendix I","; Southeast","https://www.fisheries.noaa.gov/species/rices-whale"
"Ringed Seal","Pusa hispida",NA,"Seals & Sea Lions","ESA Endangered - Foreign; ESA Endangered - Foreign; ESA Threatened; ESA Threatened - Foreign; ESA Threatened - Foreign; MMPA Protected; MMPA Depleted; MMPA Depleted; MMPA Depleted; MMPA Depleted; MMPA Depleted","; Alaska","https://www.fisheries.noaa.gov/species/ringed-seal"
"Risso’s Dolphin","Grampus griseus",NA,"Dolphins & Porpoises","MMPA Protected; CITES Appendix II; SPAW Annex II","; AlaskaRegion; New England/Mid-AtlanticRegion; Pacific IslandsRegion; SoutheastRegion; West Coast","https://www.fisheries.noaa.gov/species/rissos-dolphin"
"River Herring","Alosa pseudoharengus, Alosa aestivalis",NA,"Fish",NA,"; New England/Mid-Atlantic","https://www.fisheries.noaa.gov/species/river-herring"
"Rock Sole","Lepidopsetta billineta (southern rock sole) and Lepidopsetta polyxystra (northern rock sole)","Sole, Flounder, Rock flounder, Two-lined flounder, White-bellied flounder","Fish; Wild-Caught Seafood",NA,"; AlaskaRegion; West Coast","https://www.fisheries.noaa.gov/species/rock-sole"
"Rough Cactus Coral","Mycetophyllia ferox",NA,"Invertebrates; Corals","ESA Threatened; CITES Appendix II; SPAW Annex III","; Southeast","https://www.fisheries.noaa.gov/species/rough-cactus-coral"
"Rough-Toothed Dolphin","Steno bredanensis",NA,"Dolphins & Porpoises","MMPA Protected; CITES Appendix II; SPAW Annex II","; New England/Mid-AtlanticRegion; Pacific IslandsRegion; SoutheastRegion; West Coast","https://www.fisheries.noaa.gov/species/rough-toothed-dolphin"
"Sablefish","Anoplopoma fimbria","Black cod, Butterfish, Skil, Beshow, Coalfish","Fish; Farmed Seafood; Wild-Caught Seafood",NA,"; AlaskaRegion; West Coast","https://www.fisheries.noaa.gov/species/sablefish"
"Sakhalin Sturgeon","Acipenser mikadoi",NA,"Fish; Protected Fish","ESA Endangered - Foreign; CITES Appendix II","; Foreign","https://www.fisheries.noaa.gov/species/sakhalin-sturgeon"
"Sandbar Shark","Carcharhinus plumbeus","Thickskin shark, Brown shark","Fish; Highly Migratory Fish; Sharks; Wild-Caught Seafood",NA,"; New England/Mid-AtlanticRegion; Southeast","https://www.fisheries.noaa.gov/species/sandbar-shark"
"Sawback Angelshark","Squatina aculeata",NA,"Fish; Protected Fish; Sharks","ESA Endangered - Foreign","; Foreign","https://www.fisheries.noaa.gov/species/sawback-angelshark"
"Scalloped Hammerhead Shark","Sphyrna lewini",NA,"Fish; Highly Migratory Fish; Protected Fish; Sharks","ESA Endangered; ESA Endangered - Foreign; ESA Threatened; ESA Threatened; CITES Appendix II; SPAW Annex III","; Pacific IslandsRegion; SoutheastRegion; West Coast","https://www.fisheries.noaa.gov/species/scalloped-hammerhead-shark"
"Scup","Stenotomus chrysops","Porgy, Maiden, Fair maid, Ironsides, Northern porgy","Fish; Wild-Caught Seafood",NA,"; New England/Mid-AtlanticRegion; Southeast","https://www.fisheries.noaa.gov/species/scup"
"Sei Whale","Balaenoptera borealis",NA,"Whales","ESA Endangered; MMPA Protected; MMPA Depleted; CITES Appendix I; SPAW Annex II","; AlaskaRegion; New England/Mid-AtlanticRegion; Pacific IslandsRegion; SoutheastRegion; West Coast","https://www.fisheries.noaa.gov/species/sei-whale"
"Seriatopora aculeata Coral","Seriatopora aculeata",NA,"Invertebrates; Corals","ESA Threatened - Foreign; CITES Appendix II","; Foreign","https://www.fisheries.noaa.gov/species/seriatopora-aculeata-coral"
"Short-Beaked Common Dolphin","Delphinus delphis",NA,"Dolphins & Porpoises","MMPA Protected; CITES Appendix II; SPAW Annex II","; New England/Mid-AtlanticRegion; Pacific IslandsRegion; SoutheastRegion; West Coast","https://www.fisheries.noaa.gov/species/short-beaked-common-dolphin"
"Short-Finned Pilot Whale","Globicephala macrorhynchus",NA,"Dolphins & Porpoises; Whales","MMPA Protected; CITES Appendix II; SPAW Annex II","; AlaskaRegion; New England/Mid-AtlanticRegion; Pacific IslandsRegion; SoutheastRegion; West Coast","https://www.fisheries.noaa.gov/species/short-finned-pilot-whale"
"Shortfin Mako Shark","Isurus oxyrinchus",NA,"Fish; Sharks","CITES Appendix II","; New England/Mid-AtlanticRegion; Pacific IslandsRegion; SoutheastRegion; West Coast","https://www.fisheries.noaa.gov/species/shortfin-mako-shark"
"Shortfin Squid","Illex illecebrosus","Illex squid, Summer squid","Invertebrates; Squid; Wild-Caught Seafood",NA,"; New England/Mid-Atlantic","https://www.fisheries.noaa.gov/species/shortfin-squid"
"Shortnose Sturgeon","Acipenser brevirostrum",NA,"Fish; Protected Fish","ESA Endangered; CITES Appendix I","; New England/Mid-AtlanticRegion; Southeast","https://www.fisheries.noaa.gov/species/shortnose-sturgeon"
"Shortspine Thornyhead","Sebastolobus alascanus","Thornyhead, Idiot fish, Idiot cod, Rockfish","Fish; Groundfish; Wild-Caught Seafood",NA,"; AlaskaRegion; West Coast","https://www.fisheries.noaa.gov/species/shortspine-thornyhead"
"Silver Hake","Merluccius bilinearis","Whiting, Atlantic hake, New England hake","Fish; Wild-Caught Seafood",NA,"; New England/Mid-AtlanticRegion; Southeast","https://www.fisheries.noaa.gov/species/silver-hake"
"Small Giant Clam","Tridacna maxima",NA,"Invertebrates; Clams, Mussels, Oysters","ESA Proposed - Threatened; CITES Appendix II","; Pacific Islands","https://www.fisheries.noaa.gov/species/small-giant-clam"
"Smalltail Shark","Carcharhinus porosus",NA,"Fish; Sharks","ESA Candidate","; Southeast","https://www.fisheries.noaa.gov/species/smalltail-shark"
"Smalltooth Sawfish","Pristis pectinata",NA,"Fish; Protected Fish","ESA Endangered; ESA Endangered - Foreign; CITES Appendix I; SPAW Annex II","; Southeast","https://www.fisheries.noaa.gov/species/smalltooth-sawfish"
"Smooth Giant Clam","Tridacna derasa",NA,"Invertebrates; Clams, Mussels, Oysters","ESA Proposed - Endangered; CITES Appendix II","; Pacific Islands","https://www.fisheries.noaa.gov/species/smooth-giant-clam"
"Smoothback Angelshark","Squatina oculata",NA,"Fish; Protected Fish; Sharks","ESA Endangered - Foreign","; Foreign","https://www.fisheries.noaa.gov/species/smoothback-angelshark"
"Sockeye Salmon","Oncorhynchus nerka","Red salmon, Blueback salmon, Redfish, Summer Sockeye","Fish; Wild-Caught Seafood",NA,"; AlaskaRegion; West Coast","https://www.fisheries.noaa.gov/species/sockeye-salmon"
"Sockeye Salmon (Protected)","Oncorhynchus nerka",NA,"Fish; Protected Fish","ESA Endangered; ESA Threatened","; West Coast","https://www.fisheries.noaa.gov/species/sockeye-salmon-protected"
"Southern Right Whale","Eubalaena australis",NA,"Whales","ESA Endangered - Foreign; MMPA Protected; MMPA Depleted; CITES Appendix I","; Foreign","https://www.fisheries.noaa.gov/species/southern-right-whale"
"Sowerby's Beaked Whale","Mesoplodon bidens",NA,"Whales","MMPA Protected; CITES Appendix II; SPAW Annex II","; New England/Mid-Atlantic","https://www.fisheries.noaa.gov/species/sowerbys-beaked-whale"
"Spanish Mackerel","Scomberomorus maculatus","Mackerel, Spotted cybium, Bay mackerel, Spotted mackerel","Fish; Wild-Caught Seafood",NA,"; Southeast","https://www.fisheries.noaa.gov/species/spanish-mackerel"
"Sperm Whale","Physeter macrocephalus",NA,"Whales","ESA Endangered; MMPA Protected; MMPA Depleted; CITES Appendix I; SPAW Annex II","; AlaskaRegion; New England/Mid-AtlanticRegion; Pacific IslandsRegion; SoutheastRegion; West Coast","https://www.fisheries.noaa.gov/species/sperm-whale"
"Spinner Dolphin","Stenella longirostris",NA,"Dolphins & Porpoises","MMPA Protected; MMPA Depleted; CITES Appendix II; SPAW Annex II","; New England/Mid-AtlanticRegion; Pacific IslandsRegion; SoutheastRegion; West Coast","https://www.fisheries.noaa.gov/species/spinner-dolphin"
"Spiny Angelshark","Squatina guggenheim",NA,"Fish; Protected Fish; Sharks","ESA Endangered - Foreign","; Foreign","https://www.fisheries.noaa.gov/species/spiny-angelshark"
"Spotted Seal","Phoca largha",NA,"Seals & Sea Lions","ESA Threatened - Foreign; MMPA Protected; MMPA Depleted","; Alaska","https://www.fisheries.noaa.gov/species/spotted-seal"
"Staghorn Coral","Acropora cervicornis",NA,"Invertebrates; Corals","ESA Threatened; CITES Appendix II; SPAW Annex II","; Southeast","https://www.fisheries.noaa.gov/species/staghorn-coral"
"Steelhead","Oncorhynchus mykiss",NA,"Fish; Protected Fish","ESA Endangered; ESA Threatened; ESA Threatened; ESA Threatened; ESA Threatened; ESA Threatened; ESA Threatened; ESA Threatened; ESA Threatened; ESA Threatened; ESA Threatened; ESA Experimental Population","; AlaskaRegion; West Coast","https://www.fisheries.noaa.gov/species/steelhead"
"Stejneger's Beaked Whale","Mesoplodon stejnegeri",NA,"Whales","MMPA Protected; CITES Appendix II","; AlaskaRegion; West Coast","https://www.fisheries.noaa.gov/species/stejnegers-beaked-whale"
"Steller Sea Lion","Eumetopias jubatus",NA,"Seals & Sea Lions","ESA Endangered; MMPA Protected; MMPA Depleted","; AlaskaRegion; West Coast","https://www.fisheries.noaa.gov/species/steller-sea-lion"
"Striped Dolphin","Stenella coeruleoalba",NA,"Dolphins & Porpoises","MMPA Protected; CITES Appendix II; SPAW Annex II","; New England/Mid-AtlanticRegion; Pacific IslandsRegion; SoutheastRegion; West Coast","https://www.fisheries.noaa.gov/species/striped-dolphin"
"Striped Marlin","Kajikia audax","Nairagi, A‘u, Makijki, Barred marlin, Spikefish, Striped swordfish","Fish; Highly Migratory Fish; Wild-Caught Seafood",NA,"; Pacific IslandsRegion; West Coast","https://www.fisheries.noaa.gov/species/striped-marlin"
"Striped Smoothhound Shark","Mustelus fasciatus",NA,"Fish; Protected Fish; Sharks","ESA Endangered - Foreign","; Foreign","https://www.fisheries.noaa.gov/species/striped-smoothhound-shark"
"Sugar Kelp","Saccharina latissima","Sea belt, Devil's apron","Other; Farmed Seafood; Seaweed",NA,"; New England/Mid-Atlantic","https://www.fisheries.noaa.gov/species/sugar-kelp"
"Summer Flounder","Paralichthys dentatus","Flounder, Fluke, Northern fluke, Hirame","Fish; Wild-Caught Seafood",NA,"; New England/Mid-AtlanticRegion; Southeast","https://www.fisheries.noaa.gov/species/summer-flounder"
"Sunflower Sea Star","Pycnopodia helianthoides",NA,"Invertebrates","ESA Proposed - Threatened","; AlaskaRegion; West Coast","https://www.fisheries.noaa.gov/species/sunflower-sea-star"
"Taiwanese Humpback Dolphin","Sousa chinensis taiwanensis",NA,"Dolphins & Porpoises","ESA Endangered - Foreign; MMPA Protected; CITES Appendix I","; Foreign","https://www.fisheries.noaa.gov/species/taiwanese-humpback-dolphin"
"Tilefish","Caulolatilus microps","Blueline tilefish, Gray tilefish","Fish; Reef Fish; Wild-Caught Seafood",NA,"; New England/Mid-AtlanticRegion; Southeast","https://www.fisheries.noaa.gov/species/tilefish"
"Tope Shark","Galeorhinus galeus","School Shark, Soupfin Shark, Snapper Shark","Fish; Sharks","ESA Candidate","; West Coast","https://www.fisheries.noaa.gov/species/tope-shark"
"Totoaba","Totoaba macdonaldi",NA,"Fish; Protected Fish","ESA Endangered - Foreign; CITES Appendix I","; Foreign","https://www.fisheries.noaa.gov/species/totoaba"
"True Giant Clam","Tridacna gigas",NA,"Invertebrates; Clams, Mussels, Oysters","ESA Proposed - Endangered; CITES Appendix II","; Pacific Islands","https://www.fisheries.noaa.gov/species/true-giant-clam"
"True's Beaked Whale","Mesoplodon mirus",NA,"Whales","MMPA Protected; CITES Appendix II; SPAW Annex II","; New England/Mid-AtlanticRegion; Southeast","https://www.fisheries.noaa.gov/species/trues-beaked-whale"
"Tubastraea floreana Coral","Tubastraea floreana",NA,"Invertebrates; Corals","ESA Endangered - Foreign; CITES Appendix II","; Foreign","https://www.fisheries.noaa.gov/species/tubastraea-floreana-coral"
"Vaquita","Phocoena sinus","Gulf of California harbor porpoise, Cochito","Dolphins & Porpoises","ESA Endangered - Foreign; MMPA Protected; MMPA Depleted; CITES Appendix I","; Foreign","https://www.fisheries.noaa.gov/species/vaquita"
"Vermilion Snapper","Rhomboplites aurorubens","Snapper, Beeliner, Clubhead snapper, Night snapper, Besugo, Rubia","Fish; Wild-Caught Seafood",NA,"; Southeast","https://www.fisheries.noaa.gov/species/vermilion-snapper"
"West Coast Coastal Pelagic Species","Multiple species",NA,"Fish; Coastal Pelagic Fish",NA,"; West Coast","https://www.fisheries.noaa.gov/species/west-coast-coastal-pelagic-species"
"West Coast Groundfish","Multiple species",NA,"Fish; Groundfish; Sharks",NA,"; West Coast","https://www.fisheries.noaa.gov/species/west-coast-groundfish"
"Western Atlantic Bluefin Tuna","Thunnus thynnus","Tuna, Bluefin tuna, Toro, Maguro, Giant bluefin, Northern bluefin tuna","Fish; Highly Migratory Fish; Wild-Caught Seafood",NA,"; New England/Mid-AtlanticRegion; Southeast","https://www.fisheries.noaa.gov/species/western-atlantic-bluefin-tuna"
"White Abalone","Haliotis sorenseni",NA,"Invertebrates; Abalone","ESA Endangered","; West Coast","https://www.fisheries.noaa.gov/species/white-abalone"
"White Hake","Urophycis tenuis","Mud hake, Boston hake","Fish; Wild-Caught Seafood",NA,"; New England/Mid-Atlantic","https://www.fisheries.noaa.gov/species/white-hake"
"White Shark","Carcharodon carcharias","Great white, Great white shark, White pointer","Fish; Highly Migratory Fish; Sharks",NA,"; AlaskaRegion; New England/Mid-AtlanticRegion; Pacific IslandsRegion; SoutheastRegion; West Coast","https://www.fisheries.noaa.gov/species/white-shark"
"White Shrimp","Litopenaeus setiferus","Northern white shrimp, Gray shrimp, Lake shrimp, Green shrimp, Common shrimp, Daytona shrimp, Southern shrimp","Invertebrates; Shrimp; Wild-Caught Seafood",NA,"; New England/Mid-AtlanticRegion; Southeast","https://www.fisheries.noaa.gov/species/white-shrimp"
"White-Beaked Dolphin","Lagenorhynchus albirostris",NA,"Dolphins & Porpoises","MMPA Protected; CITES Appendix II","; New England/Mid-Atlantic","https://www.fisheries.noaa.gov/species/white-beaked-dolphin"
"Widow Rockfish","Sebastes entomelas","Brown bomber, Soft brown, Brownie, Belinda bass","Fish; Wild-Caught Seafood",NA,"; West Coast","https://www.fisheries.noaa.gov/species/widow-rockfish"
"Windowpane Flounder","Scophthalmus aquosus","Sand dab","Fish; Groundfish; Wild-Caught Seafood",NA,"; New England/Mid-Atlantic","https://www.fisheries.noaa.gov/species/windowpane-flounder"
"Winter Flounder","Pseudopleuronectes americanus","Flounder, Sole, Lemon sole, Georges Bank flounder, Blackback flounder","Fish; Groundfish; Wild-Caught Seafood",NA,"; New England/Mid-AtlanticRegion; Southeast","https://www.fisheries.noaa.gov/species/winter-flounder"
"Winter Skate","Leucoraja ocellata","Skate, Big skate, Spotted skate, Eyed skate","Fish; Wild-Caught Seafood",NA,"; New England/Mid-AtlanticRegion; Southeast","https://www.fisheries.noaa.gov/species/winter-skate"
"Witch Flounder","Glyptocephalus cynoglossus","Grey sole","Fish; Groundfish; Wild-Caught Seafood",NA,"; New England/Mid-Atlantic","https://www.fisheries.noaa.gov/species/witch-flounder"
"Wreckfish","Polyprion americanus","Sea bass, Stone bass","Fish; Wild-Caught Seafood",NA,"; New England/Mid-AtlanticRegion; Southeast","https://www.fisheries.noaa.gov/species/wreckfish"
"Yelloweye Rockfish","Sebastes ruberrimus",NA,"Fish; Protected Fish","ESA Threatened","; AlaskaRegion; West Coast","https://www.fisheries.noaa.gov/species/yelloweye-rockfish"
"Yellowfin Sole","Limanda aspera","Sole, Flounder","Fish; Wild-Caught Seafood",NA,"; Alaska","https://www.fisheries.noaa.gov/species/yellowfin-sole"
"Yellowtail Flounder","Limanda ferruginea","Flounder, Rusty dab","Fish; Groundfish; Wild-Caught Seafood",NA,"; New England/Mid-Atlantic","https://www.fisheries.noaa.gov/species/yellowtail-flounder"
"Yellowtail Rockfish","Sebastes flavidus","Yellowtail rockfish, Greenie, Yellow sea perch, Rock Cod, Pacific Snapper","Fish; Groundfish; Wild-Caught Seafood",NA,"; AlaskaRegion; West Coast","https://www.fisheries.noaa.gov/species/yellowtail-rockfish"
